Workbook
Name lst_AbsenceReason: #REF!
Name lst_AttendanceType: #REF!
Name lst_BeneficiaryStatus: #REF!
Name lst_Centers: #REF!
Name lst_Companion: #REF!
Name lst_Diagnosis: tbl_Lists_1[التشخيص]
Name lst_EmployeeStatus: #REF!
Name lst_FeeType: tbl_Lists #REF!
Name lst_Gender: #REF!
Name lst_JobTitles: #REF!
Name lst_Levels: #REF!
Name lst_LocationSpecialty: #REF!
Name lst_LocationType: #REF!
Name lst_Period: #REF!
Name lst_ProgramMode: #REF!
Name lst_ServiceCategory: #REF!
Name lst_Services: #REF!
Name lst_SessionStatus: #REF!
Name lst_SessionType: #REF!
Name lst_Severity: #REF!
Name lst_Specializations: #REF!
Name lst_StatusType: #REF!
Name lst_Tracks: #REF!
Name قائمة_جلسة: 'القوائم المرجعية'!$L$5:$L$10
Name قائمة_خدمة: 'القوائم المرجعية'!$U$5:$U$8

Sheet الموظفين
A1: م | B1: الرقم الوظيفي | C1: الاسم | D1: الوظيفة | E1: التخصص | F1: فني / إداري | G1: الخدمة_الأساسية | H1: المركز | I1: الفترة | J1: ملاحظات
A2: 1 | B2: E001 | C2: موظف1 | D2: أخصائي اجتماعي | E2: اجتماعي | F2: فني | G2: الخدمة الاجتماعية | H2: مدرسة إرادة للتعليم (مكة) | I2: صباحي
A3: 2 | B3: E002 | C3: موظف2 | D3: أخصائي علاج وظيفي | E3: علاج وظيفي | F3: فني | G3: العلاج الوظيفي | H3: مدرسة إرادة للتعليم (مكة) | I3: مسائي
A4: 3 | B4: E003 | C4: موظف3 | D4: أخصائي نطق | E4: نطق وتواصل | F4: فني | G4: النطق والتواصل | H4: مدرسة إرادة وتمكين لمتلازمة داون (نجد) | I4: مسائي
A5: 4 | B5: E004 | C5: موظف4 | D5: أخصائي نفسي | E5: نفسي | F5: فني | G5: التأهيل النفسي | H5: مركز إرادة وتمكين لرعاية ذوي الاحتياجات الخاصة (جلمودة) | I5: كلاهما
A6: 5 | B6: E005 | C6: موظف5 | D6: أخصائي تربية خاصة | E6: تربية خاصة | F6: فني | G6: التربية الخاصة | H6: مركز إرادة وتمكين للرعاية النهارية (القدس) | I6: مسائي
A7: 6 | B7: E006 | C7: موظف6 | D7: أخصائي علاج وظيفي | E7: علاج وظيفي | F7: فني | G7: العلاج الوظيفي | H7: مركز إرادة وتمكين لمتلازمة داون (نجد) | I7: صباحي
A8: 7 | B8: E007 | C8: موظف7 | D8: أخصائي تربية خاصة | E8: تربية خاصة | F8: فني | G8: التربية الخاصة | H8: مدرسة إرادة للتعليم (مكة) | I8: صباحي
A9: 8 | B9: E008 | C9: موظف8 | D9: أخصائي نطق | E9: نطق وتواصل | F9: فني | G9: النطق والتواصل | H9: مدرسة إرادة وتمكين لمتلازمة داون (نجد) | I9: كلاهما
A10: 9 | B10: E009 | C10: موظف9 | D10: أخصائي علاج طبيعي | E10: علاج طبيعي | F10: فني | G10: العلاج الطبيعي | H10: مدرسة إرادة للتعليم (مكة) | I10: كلاهما
A11: 10 | B11: E010 | C11: موظف10 | D11: أخصائي علاج طبيعي | E11: علاج طبيعي | F11: فني | G11: العلاج الطبيعي | H11: مدرسة إرادة للتعليم (مكة) | I11: مسائي
A12: 11 | B12: E011 | C12: موظف11 | D12: مساعدة معلمة | E12: تربية خاصة | F12: إداري | G12: التربية الخاصة | H12: مركز إرادة وتمكين لرعاية ذوي الاحتياجات الخاصة (جلمودة) | I12: صباحي
A13: 12 | B13: E012 | C13: موظف12 | D13: إدارية | E13: اجتماعي | F13: إداري | G13: الخدمة الاجتماعية | H13: مدرسة إرادة للتعليم (مكة) | I13: صباحي
... A106: 105 | B106: E105 | C106: موظف105 | D106: أخصائي اجتماعي | E106: اجتماعي | F106: فني | G106: الخدمة الاجتماعية | H106: مركز إرادة وتمكين للرعاية النهارية (القدس) | I106: مسائي

Sheet المستفيدين
A1: م | B1: هوية المستفيد | C1: الاسم | D1: الجنس | E1: تاريخ_الميلاد | F1: المركز | G1: الفترة | H1: تاريخ_الالتحاق | I1: التشخيص | J1: IQ | K1: نوع البرنامج الأساسي | L1: مبلغ_الرسوم | M1: مصادر الرسوم | N1: التربية الخاصة | O1: النطق والتواصل | P1: العلاج الطبيعي | Q1: العلاج الوظيفي | R1: التأهيل النفسي | S1: التأهيل النفسي الحركي | T1: اجمالي الجلسات
A2: 1 | B2: 1025469854 | C2: مستفيد1 | D2: أنثى | E2: 42882 | F2: مركز إرادة وتمكين للرعاية النهارية (القدس) | G2: مسائي | H2: 45106 | I2: =IFERROR(INDEX('تشخيص الحالات'!$D$2:$D$1001,SUMPRODUCT(('تشخيص الحالات'!$B$2:$B$1001=B2)*('تشخيص الحالات'!$G$2:$G$1001=1)*ROW('تشخيص الحالات'!$B$2:$B$1001))-1),"")&IF(SUMPRODUCT(('تشخيص الحالات'!$B$2:$B$1001=B2)*('تشخيص الحالات'!$G$2:$G$1001=2))>0,"، "&IFERROR(INDEX('تشخيص الحالات'!$D$2:$D$1001,SUMPRODUCT(('تشخيص الحالات'!$B$2:$B$1001=B2)*('تشخيص الحالات'!$G$2:$G$1001=2)*ROW('تشخيص الحالات'!$B$2:$B$1001))-1),""),"")&IF(SUMPRODUCT(('تشخيص الحالات'!$B$2:$B$1001=B2)*('تشخيص الحالات'!$G$2:$G$1001=3))>0,"، "&IFERROR(INDEX('تشخيص الحالات'!$D$2:$D$1001,SUMPRODUCT(('تشخيص الحالات'!$B$2:$B$1001=B2)*('تشخيص الحالات'!$G$2:$G$1001=3)*ROW('تشخيص الحالات'!$B$2:$B$1001))-1),""),"")&IF(SUMPRODUCT(('تشخيص الحالات'!$B$2:$B$1001=B2)*('تشخيص الحالات'!$G$2:$G$1001=4))>0,"، "&IFERROR(INDEX('تشخيص الحالات'!$D$2:$D$1001,SUMPRODUCT(('تشخيص الحالات'!$B$2:$B$1001=B2)*('تشخيص الحالات'!$G$2:$G$1001=4)*ROW('تشخيص الحالات'!$B$2:$B$1001))-1),""),"")&IF(SUMPRODUCT(('تشخيص الحالات'!$B$2:$B$1001=B2)*('تشخيص الحالات'!$G$2:$G$1001=5))>0,"، "&IFERROR(INDEX('تشخيص الحالات'!$D$2:$D$1001,SUMPRODUCT(('تشخيص الحالات'!$B$2:$B$1001=B2)*('تشخيص الحالات'!$G$2:$G$1001=5)*ROW('تشخيص الحالات'!$B$2:$B$1001))-1),""),"")&IF(SUMPRODUCT(('تشخيص الحالات'!$B$2:$B$1001=B2)*('تشخيص الحالات'!$G$2:$G$1001=6))>0,"، "&IFERROR(INDEX('تشخيص الحالات'!$D$2:$D$1001,SUMPRODUCT(('تشخيص الحالات'!$B$2:$B$1001=B2)*('تشخيص الحالات'!$G$2:$G$1001=6)*ROW('تشخيص الحالات'!$B$2:$B$1001))-1),""),"")&IF(SUMPRODUCT(('تشخيص الحالات'!$B$2:$B$1001=B2)*('تشخيص الحالات'!$G$2:$G$1001=7))>0,"، "&IFERROR(INDEX('تشخيص الحالات'!$D$2:$D$1001,SUMPRODUCT(('تشخيص الحالات'!$B$2:$B$1001=B2)*('تشخيص الحالات'!$G$2:$G$1001=7)*ROW('تشخيص الحالات'!$B$2:$B$1001))-1),""),"")&IF(SUMPRODUCT(('تشخيص الحالات'!$B$2:$B$1001=B2)*('تشخيص الحالات'!$G$2:$G$1001=8))>0,"، "&IFERROR(INDEX('تشخيص الحالات'!$D$2:$D$1001,SUMPRODUCT(('تشخيص الحالات'!$B$2:$B$1001=B2)*('تشخيص الحالات'!$G$2:$G$1001=8)*ROW('تشخيص الحالات'!$B$2:$B$1001))-1),""),"") -> اضطراب تواصل اجتماعي، شلل دماغي | J2: =LEN(I2) -> 31 | K2: فصول | L2: 2000 | M2: شركة سابك | N2: 1 | O2: 0 | P2: 0 | Q2: 1 | R2: 0 | S2: 5 | T2: =SUM(tbl_Beneficiaries[[#This Row],[ التربية الخاصة ]:[ التأهيل النفسي الحركي ]]) -> 7 | V2: =_xlfn.TEXTJOIN("، ",TRUE,"a","b") -> a، b | W2: =_xlfn.CONCAT("a","b","c") -> abc | X2: =_xlfn.AGGREGATE(15,6,1/('تشخيص الحالات'!$B$2:$B$493=B2)*ROW('تشخيص الحالات'!$B$2:$B$493),1) -> 2
A3: 2 | B3: 1065397512 | C3: مستفيد2 | D3: أنثى | E3: 42398 | F3: مدرسة إرادة وتمكين لمتلازمة داون (نجد) | G3: مسائي | H3: 45068 | I3: =IFERROR(INDEX('تشخيص الحالات'!$D$2:$D$1001,SUMPRODUCT(('تشخيص الحالات'!$B$2:$B$1001=B3)*('تشخيص الحالات'!$G$2:$G$1001=1)*ROW('تشخيص الحالات'!$B$2:$B$1001))-1),"")&IF(SUMPRODUCT(('تشخيص الحالات'!$B$2:$B$1001=B3)*('تشخيص الحالات'!$G$2:$G$1001=2))>0,"، "&IFERROR(INDEX('تشخيص الحالات'!$D$2:$D$1001,SUMPRODUCT(('تشخيص الحالات'!$B$2:$B$1001=B3)*('تشخيص الحالات'!$G$2:$G$1001=2)*ROW('تشخيص الحالات'!$B$2:$B$1001))-1),""),"")&IF(SUMPRODUCT(('تشخيص الحالات'!$B$2:$B$1001=B3)*('تشخيص الحالات'!$G$2:$G$1001=3))>0,"، "&IFERROR(INDEX('تشخيص الحالات'!$D$2:$D$1001,SUMPRODUCT(('تشخيص الحالات'!$B$2:$B$1001=B3)*('تشخيص الحالات'!$G$2:$G$1001=3)*ROW('تشخيص الحالات'!$B$2:$B$1001))-1),""),"")&IF(SUMPRODUCT(('تشخيص الحالات'!$B$2:$B$1001=B3)*('تشخيص الحالات'!$G$2:$G$1001=4))>0,"، "&IFERROR(INDEX('تشخيص الحالات'!$D$2:$D$1001,SUMPRODUCT(('تشخيص الحالات'!$B$2:$B$1001=B3)*('تشخيص الحالات'!$G$2:$G$1001=4)*ROW('تشخيص الحالات'!$B$2:$B$1001))-1),""),"")&IF(SUMPRODUCT(('تشخيص الحالات'!$B$2:$B$1001=B3)*('تشخيص الحالات'!$G$2:$G$1001=5))>0,"، "&IFERROR(INDEX('تشخيص الحالات'!$D$2:$D$1001,SUMPRODUCT(('تشخيص الحالات'!$B$2:$B$1001=B3)*('تشخيص الحالات'!$G$2:$G$1001=5)*ROW('تشخيص الحالات'!$B$2:$B$1001))-1),""),"")&IF(SUMPRODUCT(('تشخيص الحالات'!$B$2:$B$1001=B3)*('تشخيص الحالات'!$G$2:$G$1001=6))>0,"، "&IFERROR(INDEX('تشخيص الحالات'!$D$2:$D$1001,SUMPRODUCT(('تشخيص الحالات'!$B$2:$B$1001=B3)*('تشخيص الحالات'!$G$2:$G$1001=6)*ROW('تشخيص الحالات'!$B$2:$B$1001))-1),""),"")&IF(SUMPRODUCT(('تشخيص الحالات'!$B$2:$B$1001=B3)*('تشخيص الحالات'!$G$2:$G$1001=7))>0,"، "&IFERROR(INDEX('تشخيص الحالات'!$D$2:$D$1001,SUMPRODUCT(('تشخيص الحالات'!$B$2:$B$1001=B3)*('تشخيص الحالات'!$G$2:$G$1001=7)*ROW('تشخيص الحالات'!$B$2:$B$1001))-1),""),"")&IF(SUMPRODUCT(('تشخيص الحالات'!$B$2:$B$1001=B3)*('تشخيص الحالات'!$G$2:$G$1001=8))>0,"، "&IFERROR(INDEX('تشخيص الحالات'!$D$2:$D$1001,SUMPRODUCT(('تشخيص الحالات'!$B$2:$B$1001=B3)*('تشخيص الحالات'!$G$2:$G$1001=8)*ROW('تشخيص الحالات'!$B$2:$B$1001))-1),""),"") -> اضطراب نفسي، إعاقة ذهنية | J3: 85 | K3: جلسات فردية | L3: 2500 | M3: أفراد | N3: 1 | O3: 1 | P3: 5 | Q3: 2 | R3: 0 | S3: 0 | T3: =SUM(tbl_Beneficiaries[[#This Row],[ التربية الخاصة ]:[ التأهيل النفسي الحركي ]]) -> 9
A4: 3 | B4: 1069735216 | C4: مستفيد3 | D4: أنثى | E4: 41766 | F4: مركز إرادة وتمكين للرعاية النهارية (القدس) | G4: مسائي | H4: 44032 | I4: =IFERROR(INDEX('تشخيص الحالات'!$D$2:$D$1001,SUMPRODUCT(('تشخيص الحالات'!$B$2:$B$1001=B4)*('تشخيص الحالات'!$G$2:$G$1001=1)*ROW('تشخيص الحالات'!$B$2:$B$1001))-1),"")&IF(SUMPRODUCT(('تشخيص الحالات'!$B$2:$B$1001=B4)*('تشخيص الحالات'!$G$2:$G$1001=2))>0,"، "&IFERROR(INDEX('تشخيص الحالات'!$D$2:$D$1001,SUMPRODUCT(('تشخيص الحالات'!$B$2:$B$1001=B4)*('تشخيص الحالات'!$G$2:$G$1001=2)*ROW('تشخيص الحالات'!$B$2:$B$1001))-1),""),"")&IF(SUMPRODUCT(('تشخيص الحالات'!$B$2:$B$1001=B4)*('تشخيص الحالات'!$G$2:$G$1001=3))>0,"، "&IFERROR(INDEX('تشخيص الحالات'!$D$2:$D$1001,SUMPRODUCT(('تشخيص الحالات'!$B$2:$B$1001=B4)*('تشخيص الحالات'!$G$2:$G$1001=3)*ROW('تشخيص الحالات'!$B$2:$B$1001))-1),""),"")&IF(SUMPRODUCT(('تشخيص الحالات'!$B$2:$B$1001=B4)*('تشخيص الحالات'!$G$2:$G$1001=4))>0,"، "&IFERROR(INDEX('تشخيص الحالات'!$D$2:$D$1001,SUMPRODUCT(('تشخيص الحالات'!$B$2:$B$1001=B4)*('تشخيص الحالات'!$G$2:$G$1001=4)*ROW('تشخيص الحالات'!$B$2:$B$1001))-1),""),"")&IF(SUMPRODUCT(('تشخيص الحالات'!$B$2:$B$1001=B4)*('تشخيص الحالات'!$G$2:$G$1001=5))>0,"، "&IFERROR(INDEX('تشخيص الحالات'!$D$2:$D$1001,SUMPRODUCT(('تشخيص الحالات'!$B$2:$B$1001=B4)*('تشخيص الحالات'!$G$2:$G$1001=5)*ROW('تشخيص الحالات'!$B$2:$B$1001))-1),""),"")&IF(SUMPRODUCT(('تشخيص الحالات'!$B$2:$B$1001=B4)*('تشخيص الحالات'!$G$2:$G$1001=6))>0,"، "&IFERROR(INDEX('تشخيص الحالات'!$D$2:$D$1001,SUMPRODUCT(('تشخيص الحالات'!$B$2:$B$1001=B4)*('تشخيص الحالات'!$G$2:$G$1001=6)*ROW('تشخيص الحالات'!$B$2:$B$1001))-1),""),"")&IF(SUMPRODUCT(('تشخيص الحالات'!$B$2:$B$1001=B4)*('تشخيص الحالات'!$G$2:$G$1001=7))>0,"، "&IFERROR(INDEX('تشخيص الحالات'!$D$2:$D$1001,SUMPRODUCT(('تشخيص الحالات'!$B$2:$B$1001=B4)*('تشخيص الحالات'!$G$2:$G$1001=7)*ROW('تشخيص الحالات'!$B$2:$B$1001))-1),""),"")&IF(SUMPRODUCT(('تشخيص الحالات'!$B$2:$B$1001=B4)*('تشخيص الحالات'!$G$2:$G$1001=8))>0,"، "&IFERROR(INDEX('تشخيص الحالات'!$D$2:$D$1001,SUMPRODUCT(('تشخيص الحالات'!$B$2:$B$1001=B4)*('تشخيص الحالات'!$G$2:$G$1001=8)*ROW('تشخيص الحالات'!$B$2:$B$1001))-1),""),"") -> متلازمة داون، فرط الحركة وتشتت الانتباه | J4: 60 | K4: فصول | L4: 3000 | M4: شركة حديد | N4: 5 | O4: 5 | P4: 0 | Q4: 0 | R4: 0 | S4: 1 | T4: =SUM(tbl_Beneficiaries[[#This Row],[ التربية الخاصة ]:[ التأهيل النفسي الحركي ]]) -> 11
A5: 4 | B5: 1096348523 | C5: مستفيد4 | D5: ذكر | E5: 43463 | F5: مدرسة إرادة للتعليم (مكة) | G5: مسائي | H5: 45091 | I5: =IFERROR(INDEX('تشخيص الحالات'!$D$2:$D$1001,SUMPRODUCT(('تشخيص الحالات'!$B$2:$B$1001=B5)*('تشخيص الحالات'!$G$2:$G$1001=1)*ROW('تشخيص الحالات'!$B$2:$B$1001))-1),"")&IF(SUMPRODUCT(('تشخيص الحالات'!$B$2:$B$1001=B5)*('تشخيص الحالات'!$G$2:$G$1001=2))>0,"، "&IFERROR(INDEX('تشخيص الحالات'!$D$2:$D$1001,SUMPRODUCT(('تشخيص الحالات'!$B$2:$B$1001=B5)*('تشخيص الحالات'!$G$2:$G$1001=2)*ROW('تشخيص الحالات'!$B$2:$B$1001))-1),""),"")&IF(SUMPRODUCT(('تشخيص الحالات'!$B$2:$B$1001=B5)*('تشخيص الحالات'!$G$2:$G$1001=3))>0,"، "&IFERROR(INDEX('تشخيص الحالات'!$D$2:$D$1001,SUMPRODUCT(('تشخيص الحالات'!$B$2:$B$1001=B5)*('تشخيص الحالات'!$G$2:$G$1001=3)*ROW('تشخيص الحالات'!$B$2:$B$1001))-1),""),"")&IF(SUMPRODUCT(('تشخيص الحالات'!$B$2:$B$1001=B5)*('تشخيص الحالات'!$G$2:$G$1001=4))>0,"، "&IFERROR(INDEX('تشخيص الحالات'!$D$2:$D$1001,SUMPRODUCT(('تشخيص الحالات'!$B$2:$B$1001=B5)*('تشخيص الحالات'!$G$2:$G$1001=4)*ROW('تشخيص الحالات'!$B$2:$B$1001))-1),""),"")&IF(SUMPRODUCT(('تشخيص الحالات'!$B$2:$B$1001=B5)*('تشخيص الحالات'!$G$2:$G$1001=5))>0,"، "&IFERROR(INDEX('تشخيص الحالات'!$D$2:$D$1001,SUMPRODUCT(('تشخيص الحالات'!$B$2:$B$1001=B5)*('تشخيص الحالات'!$G$2:$G$1001=5)*ROW('تشخيص الحالات'!$B$2:$B$1001))-1),""),"")&IF(SUMPRODUCT(('تشخيص الحالات'!$B$2:$B$1001=B5)*('تشخيص الحالات'!$G$2:$G$1001=6))>0,"، "&IFERROR(INDEX('تشخيص الحالات'!$D$2:$D$1001,SUMPRODUCT(('تشخيص الحالات'!$B$2:$B$1001=B5)*('تشخيص الحالات'!$G$2:$G$1001=6)*ROW('تشخيص الحالات'!$B$2:$B$1001))-1),""),"")&IF(SUMPRODUCT(('تشخيص الحالات'!$B$2:$B$1001=B5)*('تشخيص الحالات'!$G$2:$G$1001=7))>0,"، "&IFERROR(INDEX('تشخيص الحالات'!$D$2:$D$1001,SUMPRODUCT(('تشخيص الحالات'!$B$2:$B$1001=B5)*('تشخيص الحالات'!$G$2:$G$1001=7)*ROW('تشخيص الحالات'!$B$2:$B$1001))-1),""),"")&IF(SUMPRODUCT(('تشخيص الحالات'!$B$2:$B$1001=B5)*('تشخيص الحالات'!$G$2:$G$1001=8))>0,"، "&IFERROR(INDEX('تشخيص الحالات'!$D$2:$D$1001,SUMPRODUCT(('تشخيص الحالات'!$B$2:$B$1001=B5)*('تشخيص الحالات'!$G$2:$G$1001=8)*ROW('تشخيص الحالات'!$B$2:$B$1001))-1),""),"") -> متلازمة داون، اضطرابات سلوكية، إعاقة ذهنية | J5: 70 | K5: جلسات فردية | L5: 2000 | M5: شركة حديد | N5: 0 | O5: 0 | P5: 0 | Q5: 2 | R5: 3 | S5: 0 | T5: =SUM(tbl_Beneficiaries[[#This Row],[ التربية الخاصة ]:[ التأهيل النفسي الحركي ]]) -> 5
A6: 5 | B6: 1124422216 | C6: مستفيد5 | D6: أنثى | E6: 43191 | F6: مركز إرادة وتمكين لمتلازمة داون (نجد) | G6: صباحي | H6: 45376 | I6: =IFERROR(INDEX('تشخيص الحالات'!$D$2:$D$1001,SUMPRODUCT(('تشخيص الحالات'!$B$2:$B$1001=B6)*('تشخيص الحالات'!$G$2:$G$1001=1)*ROW('تشخيص الحالات'!$B$2:$B$1001))-1),"")&IF(SUMPRODUCT(('تشخيص الحالات'!$B$2:$B$1001=B6)*('تشخيص الحالات'!$G$2:$G$1001=2))>0,"، "&IFERROR(INDEX('تشخيص الحالات'!$D$2:$D$1001,SUMPRODUCT(('تشخيص الحالات'!$B$2:$B$1001=B6)*('تشخيص الحالات'!$G$2:$G$1001=2)*ROW('تشخيص الحالات'!$B$2:$B$1001))-1),""),"")&IF(SUMPRODUCT(('تشخيص الحالات'!$B$2:$B$1001=B6)*('تشخيص الحالات'!$G$2:$G$1001=3))>0,"، "&IFERROR(INDEX('تشخيص الحالات'!$D$2:$D$1001,SUMPRODUCT(('تشخيص الحالات'!$B$2:$B$1001=B6)*('تشخيص الحالات'!$G$2:$G$1001=3)*ROW('تشخيص الحالات'!$B$2:$B$1001))-1),""),"")&IF(SUMPRODUCT(('تشخيص الحالات'!$B$2:$B$1001=B6)*('تشخيص الحالات'!$G$2:$G$1001=4))>0,"، "&IFERROR(INDEX('تشخيص الحالات'!$D$2:$D$1001,SUMPRODUCT(('تشخيص الحالات'!$B$2:$B$1001=B6)*('تشخيص الحالات'!$G$2:$G$1001=4)*ROW('تشخيص الحالات'!$B$2:$B$1001))-1),""),"")&IF(SUMPRODUCT(('تشخيص الحالات'!$B$2:$B$1001=B6)*('تشخيص الحالات'!$G$2:$G$1001=5))>0,"، "&IFERROR(INDEX('تشخيص الحالات'!$D$2:$D$1001,SUMPRODUCT(('تشخيص الحالات'!$B$2:$B$1001=B6)*('تشخيص الحالات'!$G$2:$G$1001=5)*ROW('تشخيص الحالات'!$B$2:$B$1001))-1),""),"")&IF(SUMPRODUCT(('تشخيص الحالات'!$B$2:$B$1001=B6)*('تشخيص الحالات'!$G$2:$G$1001=6))>0,"، "&IFERROR(INDEX('تشخيص الحالات'!$D$2:$D$1001,SUMPRODUCT(('تشخيص الحالات'!$B$2:$B$1001=B6)*('تشخيص الحالات'!$G$2:$G$1001=6)*ROW('تشخيص الحالات'!$B$2:$B$1001))-1),""),"")&IF(SUMPRODUCT(('تشخيص الحالات'!$B$2:$B$1001=B6)*('تشخيص الحالات'!$G$2:$G$1001=7))>0,"، "&IFERROR(INDEX('تشخيص الحالات'!$D$2:$D$1001,SUMPRODUCT(('تشخيص الحالات'!$B$2:$B$1001=B6)*('تشخيص الحالات'!$G$2:$G$1001=7)*ROW('تشخيص الحالات'!$B$2:$B$1001))-1),""),"")&IF(SUMPRODUCT(('تشخيص الحالات'!$B$2:$B$1001=B6)*('تشخيص الحالات'!$G$2:$G$1001=8))>0,"، "&IFERROR(INDEX('تشخيص الحالات'!$D$2:$D$1001,SUMPRODUCT(('تشخيص الحالات'!$B$2:$B$1001=B6)*('تشخيص الحالات'!$G$2:$G$1001=8)*ROW('تشخيص الحالات'!$B$2:$B$1001))-1),""),"") -> مشكلات أسرية / اجتماعية، صعوبات تعلم، إعاقة بصرية، اضطراب تكامل حسي | J6: 100 | K6: كلاهما | L6: 1500 | M6: تأمين / شركات | N6: 0 | O6: 2 | P6: 0 | Q6: 0 | R6: 0 | S6: 0 | T6: =SUM(tbl_Beneficiaries[[#This Row],[ التربية الخاصة ]:[ التأهيل النفسي الحركي ]]) -> 2
A7: 6 | B7: 1889143921 | C7: مستفيد6 | D7: أنثى | E7: 41369 | F7: مركز إرادة وتمكين لرعاية ذوي الاحتياجات الخاصة (جلمودة) | G7: صباحي | H7: 45377 | I7: =IFERROR(INDEX('تشخيص الحالات'!$D$2:$D$1001,SUMPRODUCT(('تشخيص الحالات'!$B$2:$B$1001=B7)*('تشخيص الحالات'!$G$2:$G$1001=1)*ROW('تشخيص الحالات'!$B$2:$B$1001))-1),"")&IF(SUMPRODUCT(('تشخيص الحالات'!$B$2:$B$1001=B7)*('تشخيص الحالات'!$G$2:$G$1001=2))>0,"، "&IFERROR(INDEX('تشخيص الحالات'!$D$2:$D$1001,SUMPRODUCT(('تشخيص الحالات'!$B$2:$B$1001=B7)*('تشخيص الحالات'!$G$2:$G$1001=2)*ROW('تشخيص الحالات'!$B$2:$B$1001))-1),""),"")&IF(SUMPRODUCT(('تشخيص الحالات'!$B$2:$B$1001=B7)*('تشخيص الحالات'!$G$2:$G$1001=3))>0,"، "&IFERROR(INDEX('تشخيص الحالات'!$D$2:$D$1001,SUMPRODUCT(('تشخيص الحالات'!$B$2:$B$1001=B7)*('تشخيص الحالات'!$G$2:$G$1001=3)*ROW('تشخيص الحالات'!$B$2:$B$1001))-1),""),"")&IF(SUMPRODUCT(('تشخيص الحالات'!$B$2:$B$1001=B7)*('تشخيص الحالات'!$G$2:$G$1001=4))>0,"، "&IFERROR(INDEX('تشخيص الحالات'!$D$2:$D$1001,SUMPRODUCT(('تشخيص الحالات'!$B$2:$B$1001=B7)*('تشخيص الحالات'!$G$2:$G$1001=4)*ROW('تشخيص الحالات'!$B$2:$B$1001))-1),""),"")&IF(SUMPRODUCT(('تشخيص الحالات'!$B$2:$B$1001=B7)*('تشخيص الحالات'!$G$2:$G$1001=5))>0,"، "&IFERROR(INDEX('تشخيص الحالات'!$D$2:$D$1001,SUMPRODUCT(('تشخيص الحالات'!$B$2:$B$1001=B7)*('تشخيص الحالات'!$G$2:$G$1001=5)*ROW('تشخيص الحالات'!$B$2:$B$1001))-1),""),"")&IF(SUMPRODUCT(('تشخيص الحالات'!$B$2:$B$1001=B7)*('تشخيص الحالات'!$G$2:$G$1001=6))>0,"، "&IFERROR(INDEX('تشخيص الحالات'!$D$2:$D$1001,SUMPRODUCT(('تشخيص الحالات'!$B$2:$B$1001=B7)*('تشخيص الحالات'!$G$2:$G$1001=6)*ROW('تشخيص الحالات'!$B$2:$B$1001))-1),""),"")&IF(SUMPRODUCT(('تشخيص الحالات'!$B$2:$B$1001=B7)*('تشخيص الحالات'!$G$2:$G$1001=7))>0,"، "&IFERROR(INDEX('تشخيص الحالات'!$D$2:$D$1001,SUMPRODUCT(('تشخيص الحالات'!$B$2:$B$1001=B7)*('تشخيص الحالات'!$G$2:$G$1001=7)*ROW('تشخيص الحالات'!$B$2:$B$1001))-1),""),"")&IF(SUMPRODUCT(('تشخيص الحالات'!$B$2:$B$1001=B7)*('تشخيص الحالات'!$G$2:$G$1001=8))>0,"، "&IFERROR(INDEX('تشخيص الحالات'!$D$2:$D$1001,SUMPRODUCT(('تشخيص الحالات'!$B$2:$B$1001=B7)*('تشخيص الحالات'!$G$2:$G$1001=8)*ROW('تشخيص الحالات'!$B$2:$B$1001))-1),""),"") -> شلل دماغي، اضطراب تواصل اجتماعي، اضطرابات سلوكية، فرط الحركة وتشتت الانتباه | J7: 96 | K7: جلسات فردية | L7: 2500 | M7: شركة سابك | N7: 0 | O7: 0 | P7: 2 | Q7: 8 | R7: 3 | S7: 1 | T7: =SUM(tbl_Beneficiaries[[#This Row],[ التربية الخاصة ]:[ التأهيل النفسي الحركي ]]) -> 14
A8: 7 | B8: 1854312995 | C8: مستفيد7 | D8: ذكر | E8: 41308 | F8: مدرسة إرادة وتمكين لمتلازمة داون (نجد) | G8: مسائي | H8: 45298 | I8: =IFERROR(INDEX('تشخيص الحالات'!$D$2:$D$1001,SUMPRODUCT(('تشخيص الحالات'!$B$2:$B$1001=B8)*('تشخيص الحالات'!$G$2:$G$1001=1)*ROW('تشخيص الحالات'!$B$2:$B$1001))-1),"")&IF(SUMPRODUCT(('تشخيص الحالات'!$B$2:$B$1001=B8)*('تشخيص الحالات'!$G$2:$G$1001=2))>0,"، "&IFERROR(INDEX('تشخيص الحالات'!$D$2:$D$1001,SUMPRODUCT(('تشخيص الحالات'!$B$2:$B$1001=B8)*('تشخيص الحالات'!$G$2:$G$1001=2)*ROW('تشخيص الحالات'!$B$2:$B$1001))-1),""),"")&IF(SUMPRODUCT(('تشخيص الحالات'!$B$2:$B$1001=B8)*('تشخيص الحالات'!$G$2:$G$1001=3))>0,"، "&IFERROR(INDEX('تشخيص الحالات'!$D$2:$D$1001,SUMPRODUCT(('تشخيص الحالات'!$B$2:$B$1001=B8)*('تشخيص الحالات'!$G$2:$G$1001=3)*ROW('تشخيص الحالات'!$B$2:$B$1001))-1),""),"")&IF(SUMPRODUCT(('تشخيص الحالات'!$B$2:$B$1001=B8)*('تشخيص الحالات'!$G$2:$G$1001=4))>0,"، "&IFERROR(INDEX('تشخيص الحالات'!$D$2:$D$1001,SUMPRODUCT(('تشخيص الحالات'!$B$2:$B$1001=B8)*('تشخيص الحالات'!$G$2:$G$1001=4)*ROW('تشخيص الحالات'!$B$2:$B$1001))-1),""),"")&IF(SUMPRODUCT(('تشخيص الحالات'!$B$2:$B$1001=B8)*('تشخيص الحالات'!$G$2:$G$1001=5))>0,"، "&IFERROR(INDEX('تشخيص الحالات'!$D$2:$D$1001,SUMPRODUCT(('تشخيص الحالات'!$B$2:$B$1001=B8)*('تشخيص الحالات'!$G$2:$G$1001=5)*ROW('تشخيص الحالات'!$B$2:$B$1001))-1),""),"")&IF(SUMPRODUCT(('تشخيص الحالات'!$B$2:$B$1001=B8)*('تشخيص الحالات'!$G$2:$G$1001=6))>0,"، "&IFERROR(INDEX('تشخيص الحالات'!$D$2:$D$1001,SUMPRODUCT(('تشخيص الحالات'!$B$2:$B$1001=B8)*('تشخيص الحالات'!$G$2:$G$1001=6)*ROW('تشخيص الحالات'!$B$2:$B$1001))-1),""),"")&IF(SUMPRODUCT(('تشخيص الحالات'!$B$2:$B$1001=B8)*('تشخيص الحالات'!$G$2:$G$1001=7))>0,"، "&IFERROR(INDEX('تشخيص الحالات'!$D$2:$D$1001,SUMPRODUCT(('تشخيص الحالات'!$B$2:$B$1001=B8)*('تشخيص الحالات'!$G$2:$G$1001=7)*ROW('تشخيص الحالات'!$B$2:$B$1001))-1),""),"")&IF(SUMPRODUCT(('تشخيص الحالات'!$B$2:$B$1001=B8)*('تشخيص الحالات'!$G$2:$G$1001=8))>0,"، "&IFERROR(INDEX('تشخيص الحالات'!$D$2:$D$1001,SUMPRODUCT(('تشخيص الحالات'!$B$2:$B$1001=B8)*('تشخيص الحالات'!$G$2:$G$1001=8)*ROW('تشخيص الحالات'!$B$2:$B$1001))-1),""),"") -> تأخر حركي | J8: 50 | K8: كلاهما | L8: 4000 | M8: الشؤون الاجتماعية | N8: 0 | O8: 0 | P8: 0 | Q8: 7 | R8: 0 | S8: 0 | T8: =SUM(tbl_Beneficiaries[[#This Row],[ التربية الخاصة ]:[ التأهيل النفسي الحركي ]]) -> 7
A9: 8 | B9: 1911743491 | C9: مستفيد8 | D9: أنثى | E9: 43747 | F9: مركز إرادة وتمكين لمتلازمة داون (نجد) | G9: كلاهما | H9: 45368 | I9: =IFERROR(INDEX('تشخيص الحالات'!$D$2:$D$1001,SUMPRODUCT(('تشخيص الحالات'!$B$2:$B$1001=B9)*('تشخيص الحالات'!$G$2:$G$1001=1)*ROW('تشخيص الحالات'!$B$2:$B$1001))-1),"")&IF(SUMPRODUCT(('تشخيص الحالات'!$B$2:$B$1001=B9)*('تشخيص الحالات'!$G$2:$G$1001=2))>0,"، "&IFERROR(INDEX('تشخيص الحالات'!$D$2:$D$1001,SUMPRODUCT(('تشخيص الحالات'!$B$2:$B$1001=B9)*('تشخيص الحالات'!$G$2:$G$1001=2)*ROW('تشخيص الحالات'!$B$2:$B$1001))-1),""),"")&IF(SUMPRODUCT(('تشخيص الحالات'!$B$2:$B$1001=B9)*('تشخيص الحالات'!$G$2:$G$1001=3))>0,"، "&IFERROR(INDEX('تشخيص الحالات'!$D$2:$D$1001,SUMPRODUCT(('تشخيص الحالات'!$B$2:$B$1001=B9)*('تشخيص الحالات'!$G$2:$G$1001=3)*ROW('تشخيص الحالات'!$B$2:$B$1001))-1),""),"")&IF(SUMPRODUCT(('تشخيص الحالات'!$B$2:$B$1001=B9)*('تشخيص الحالات'!$G$2:$G$1001=4))>0,"، "&IFERROR(INDEX('تشخيص الحالات'!$D$2:$D$1001,SUMPRODUCT(('تشخيص الحالات'!$B$2:$B$1001=B9)*('تشخيص الحالات'!$G$2:$G$1001=4)*ROW('تشخيص الحالات'!$B$2:$B$1001))-1),""),"")&IF(SUMPRODUCT(('تشخيص الحالات'!$B$2:$B$1001=B9)*('تشخيص الحالات'!$G$2:$G$1001=5))>0,"، "&IFERROR(INDEX('تشخيص الحالات'!$D$2:$D$1001,SUMPRODUCT(('تشخيص الحالات'!$B$2:$B$1001=B9)*('تشخيص الحالات'!$G$2:$G$1001=5)*ROW('تشخيص الحالات'!$B$2:$B$1001))-1),""),"")&IF(SUMPRODUCT(('تشخيص الحالات'!$B$2:$B$1001=B9)*('تشخيص الحالات'!$G$2:$G$1001=6))>0,"، "&IFERROR(INDEX('تشخيص الحالات'!$D$2:$D$1001,SUMPRODUCT(('تشخيص الحالات'!$B$2:$B$1001=B9)*('تشخيص الحالات'!$G$2:$G$1001=6)*ROW('تشخيص الحالات'!$B$2:$B$1001))-1),""),"")&IF(SUMPRODUCT(('تشخيص الحالات'!$B$2:$B$1001=B9)*('تشخيص الحالات'!$G$2:$G$1001=7))>0,"، "&IFERROR(INDEX('تشخيص الحالات'!$D$2:$D$1001,SUMPRODUCT(('تشخيص الحالات'!$B$2:$B$1001=B9)*('تشخيص الحالات'!$G$2:$G$1001=7)*ROW('تشخيص الحالات'!$B$2:$B$1001))-1),""),"")&IF(SUMPRODUCT(('تشخيص الحالات'!$B$2:$B$1001=B9)*('تشخيص الحالات'!$G$2:$G$1001=8))>0,"، "&IFERROR(INDEX('تشخيص الحالات'!$D$2:$D$1001,SUMPRODUCT(('تشخيص الحالات'!$B$2:$B$1001=B9)*('تشخيص الحالات'!$G$2:$G$1001=8)*ROW('تشخيص الحالات'!$B$2:$B$1001))-1),""),"") -> فرط الحركة وتشتت الانتباه | J9: 69 | K9: جلسات فردية | L9: 2500 | M9: شركة سابك | N9: 0 | O9: 8 | P9: 0 | Q9: 8 | R9: 7 | S9: 0 | T9: =SUM(tbl_Beneficiaries[[#This Row],[ التربية الخاصة ]:[ التأهيل النفسي الحركي ]]) -> 23
A10: 9 | B10: 1347584820 | C10: مستفيد9 | D10: ذكر | E10: 40730 | F10: مركز إرادة وتمكين للرعاية النهارية (القدس) | G10: مسائي | H10: 44924 | I10: =IFERROR(INDEX('تشخيص الحالات'!$D$2:$D$1001,SUMPRODUCT(('تشخيص الحالات'!$B$2:$B$1001=B10)*('تشخيص الحالات'!$G$2:$G$1001=1)*ROW('تشخيص الحالات'!$B$2:$B$1001))-1),"")&IF(SUMPRODUCT(('تشخيص الحالات'!$B$2:$B$1001=B10)*('تشخيص الحالات'!$G$2:$G$1001=2))>0,"، "&IFERROR(INDEX('تشخيص الحالات'!$D$2:$D$1001,SUMPRODUCT(('تشخيص الحالات'!$B$2:$B$1001=B10)*('تشخيص الحالات'!$G$2:$G$1001=2)*ROW('تشخيص الحالات'!$B$2:$B$1001))-1),""),"")&IF(SUMPRODUCT(('تشخيص الحالات'!$B$2:$B$1001=B10)*('تشخيص الحالات'!$G$2:$G$1001=3))>0,"، "&IFERROR(INDEX('تشخيص الحالات'!$D$2:$D$1001,SUMPRODUCT(('تشخيص الحالات'!$B$2:$B$1001=B10)*('تشخيص الحالات'!$G$2:$G$1001=3)*ROW('تشخيص الحالات'!$B$2:$B$1001))-1),""),"")&IF(SUMPRODUCT(('تشخيص الحالات'!$B$2:$B$1001=B10)*('تشخيص الحالات'!$G$2:$G$1001=4))>0,"، "&IFERROR(INDEX('تشخيص الحالات'!$D$2:$D$1001,SUMPRODUCT(('تشخيص الحالات'!$B$2:$B$1001=B10)*('تشخيص الحالات'!$G$2:$G$1001=4)*ROW('تشخيص الحالات'!$B$2:$B$1001))-1),""),"")&IF(SUMPRODUCT(('تشخيص الحالات'!$B$2:$B$1001=B10)*('تشخيص الحالات'!$G$2:$G$1001=5))>0,"، "&IFERROR(INDEX('تشخيص الحالات'!$D$2:$D$1001,SUMPRODUCT(('تشخيص الحالات'!$B$2:$B$1001=B10)*('تشخيص الحالات'!$G$2:$G$1001=5)*ROW('تشخيص الحالات'!$B$2:$B$1001))-1),""),"")&IF(SUMPRODUCT(('تشخيص الحالات'!$B$2:$B$1001=B10)*('تشخيص الحالات'!$G$2:$G$1001=6))>0,"، "&IFERROR(INDEX('تشخيص الحالات'!$D$2:$D$1001,SUMPRODUCT(('تشخيص الحالات'!$B$2:$B$1001=B10)*('تشخيص الحالات'!$G$2:$G$1001=6)*ROW('تشخيص الحالات'!$B$2:$B$1001))-1),""),"")&IF(SUMPRODUCT(('تشخيص الحالات'!$B$2:$B$1001=B10)*('تشخيص الحالات'!$G$2:$G$1001=7))>0,"، "&IFERROR(INDEX('تشخيص الحالات'!$D$2:$D$1001,SUMPRODUCT(('تشخيص الحالات'!$B$2:$B$1001=B10)*('تشخيص الحالات'!$G$2:$G$1001=7)*ROW('تشخيص الحالات'!$B$2:$B$1001))-1),""),"")&IF(SUMPRODUCT(('تشخيص الحالات'!$B$2:$B$1001=B10)*('تشخيص الحالات'!$G$2:$G$1001=8))>0,"، "&IFERROR(INDEX('تشخيص الحالات'!$D$2:$D$1001,SUMPRODUCT(('تشخيص الحالات'!$B$2:$B$1001=B10)*('تشخيص الحالات'!$G$2:$G$1001=8)*ROW('تشخيص الحالات'!$B$2:$B$1001))-1),""),"") -> إعاقة بصرية، تأخر حركي | J10: 80 | K10: جلسات فردية | L10: 3500 | M10: شركة حديد | N10: 0 | O10: 3 | P10: 0 | Q10: 7 | R10: 0 | S10: 0 | T10: =SUM(tbl_Beneficiaries[[#This Row],[ التربية الخاصة ]:[ التأهيل النفسي الحركي ]]) -> 10
A11: 10 | B11: 1763354093 | C11: مستفيد10 | D11: ذكر | E11: 40726 | F11: مركز إرادة وتمكين للرعاية النهارية (القدس) | G11: مسائي | H11: 44963 | I11: =IFERROR(INDEX('تشخيص الحالات'!$D$2:$D$1001,SUMPRODUCT(('تشخيص الحالات'!$B$2:$B$1001=B11)*('تشخيص الحالات'!$G$2:$G$1001=1)*ROW('تشخيص الحالات'!$B$2:$B$1001))-1),"")&IF(SUMPRODUCT(('تشخيص الحالات'!$B$2:$B$1001=B11)*('تشخيص الحالات'!$G$2:$G$1001=2))>0,"، "&IFERROR(INDEX('تشخيص الحالات'!$D$2:$D$1001,SUMPRODUCT(('تشخيص الحالات'!$B$2:$B$1001=B11)*('تشخيص الحالات'!$G$2:$G$1001=2)*ROW('تشخيص الحالات'!$B$2:$B$1001))-1),""),"")&IF(SUMPRODUCT(('تشخيص الحالات'!$B$2:$B$1001=B11)*('تشخيص الحالات'!$G$2:$G$1001=3))>0,"، "&IFERROR(INDEX('تشخيص الحالات'!$D$2:$D$1001,SUMPRODUCT(('تشخيص الحالات'!$B$2:$B$1001=B11)*('تشخيص الحالات'!$G$2:$G$1001=3)*ROW('تشخيص الحالات'!$B$2:$B$1001))-1),""),"")&IF(SUMPRODUCT(('تشخيص الحالات'!$B$2:$B$1001=B11)*('تشخيص الحالات'!$G$2:$G$1001=4))>0,"، "&IFERROR(INDEX('تشخيص الحالات'!$D$2:$D$1001,SUMPRODUCT(('تشخيص الحالات'!$B$2:$B$1001=B11)*('تشخيص الحالات'!$G$2:$G$1001=4)*ROW('تشخيص الحالات'!$B$2:$B$1001))-1),""),"")&IF(SUMPRODUCT(('تشخيص الحالات'!$B$2:$B$1001=B11)*('تشخيص الحالات'!$G$2:$G$1001=5))>0,"، "&IFERROR(INDEX('تشخيص الحالات'!$D$2:$D$1001,SUMPRODUCT(('تشخيص الحالات'!$B$2:$B$1001=B11)*('تشخيص الحالات'!$G$2:$G$1001=5)*ROW('تشخيص الحالات'!$B$2:$B$1001))-1),""),"")&IF(SUMPRODUCT(('تشخيص الحالات'!$B$2:$B$1001=B11)*('تشخيص الحالات'!$G$2:$G$1001=6))>0,"، "&IFERROR(INDEX('تشخيص الحالات'!$D$2:$D$1001,SUMPRODUCT(('تشخيص الحالات'!$B$2:$B$1001=B11)*('تشخيص الحالات'!$G$2:$G$1001=6)*ROW('تشخيص الحالات'!$B$2:$B$1001))-1),""),"")&IF(SUMPRODUCT(('تشخيص الحالات'!$B$2:$B$1001=B11)*('تشخيص الحالات'!$G$2:$G$1001=7))>0,"، "&IFERROR(INDEX('تشخيص الحالات'!$D$2:$D$1001,SUMPRODUCT(('تشخيص الحالات'!$B$2:$B$1001=B11)*('تشخيص الحالات'!$G$2:$G$1001=7)*ROW('تشخيص الحالات'!$B$2:$B$1001))-1),""),"")&IF(SUMPRODUCT(('تشخيص الحالات'!$B$2:$B$1001=B11)*('تشخيص الحالات'!$G$2:$G$1001=8))>0,"، "&IFERROR(INDEX('تشخيص الحالات'!$D$2:$D$1001,SUMPRODUCT(('تشخيص الحالات'!$B$2:$B$1001=B11)*('تشخيص الحالات'!$G$2:$G$1001=8)*ROW('تشخيص الحالات'!$B$2:$B$1001))-1),""),"") -> اضطرابات سلوكية، تأخر نمائي، اضطراب نفسي حركي، متلازمة داون | J11: 105 | K11: فصول | L11: 1500 | M11: تأمين / شركات | N11: 0 | O11: 0 | P11: 0 | Q11: 8 | R11: 0 | S11: 0 | T11: =SUM(tbl_Beneficiaries[[#This Row],[ التربية الخاصة ]:[ التأهيل النفسي الحركي ]]) -> 8
A12: 11 | B12: 1231607400 | C12: مستفيد11 | D12: أنثى | E12: 40537 | F12: مركز إرادة وتمكين لمتلازمة داون (نجد) | G12: صباحي | H12: 45210 | I12: =IFERROR(INDEX('تشخيص الحالات'!$D$2:$D$1001,SUMPRODUCT(('تشخيص الحالات'!$B$2:$B$1001=B12)*('تشخيص الحالات'!$G$2:$G$1001=1)*ROW('تشخيص الحالات'!$B$2:$B$1001))-1),"")&IF(SUMPRODUCT(('تشخيص الحالات'!$B$2:$B$1001=B12)*('تشخيص الحالات'!$G$2:$G$1001=2))>0,"، "&IFERROR(INDEX('تشخيص الحالات'!$D$2:$D$1001,SUMPRODUCT(('تشخيص الحالات'!$B$2:$B$1001=B12)*('تشخيص الحالات'!$G$2:$G$1001=2)*ROW('تشخيص الحالات'!$B$2:$B$1001))-1),""),"")&IF(SUMPRODUCT(('تشخيص الحالات'!$B$2:$B$1001=B12)*('تشخيص الحالات'!$G$2:$G$1001=3))>0,"، "&IFERROR(INDEX('تشخيص الحالات'!$D$2:$D$1001,SUMPRODUCT(('تشخيص الحالات'!$B$2:$B$1001=B12)*('تشخيص الحالات'!$G$2:$G$1001=3)*ROW('تشخيص الحالات'!$B$2:$B$1001))-1),""),"")&IF(SUMPRODUCT(('تشخيص الحالات'!$B$2:$B$1001=B12)*('تشخيص الحالات'!$G$2:$G$1001=4))>0,"، "&IFERROR(INDEX('تشخيص الحالات'!$D$2:$D$1001,SUMPRODUCT(('تشخيص الحالات'!$B$2:$B$1001=B12)*('تشخيص الحالات'!$G$2:$G$1001=4)*ROW('تشخيص الحالات'!$B$2:$B$1001))-1),""),"")&IF(SUMPRODUCT(('تشخيص الحالات'!$B$2:$B$1001=B12)*('تشخيص الحالات'!$G$2:$G$1001=5))>0,"، "&IFERROR(INDEX('تشخيص الحالات'!$D$2:$D$1001,SUMPRODUCT(('تشخيص الحالات'!$B$2:$B$1001=B12)*('تشخيص الحالات'!$G$2:$G$1001=5)*ROW('تشخيص الحالات'!$B$2:$B$1001))-1),""),"")&IF(SUMPRODUCT(('تشخيص الحالات'!$B$2:$B$1001=B12)*('تشخيص الحالات'!$G$2:$G$1001=6))>0,"، "&IFERROR(INDEX('تشخيص الحالات'!$D$2:$D$1001,SUMPRODUCT(('تشخيص الحالات'!$B$2:$B$1001=B12)*('تشخيص الحالات'!$G$2:$G$1001=6)*ROW('تشخيص الحالات'!$B$2:$B$1001))-1),""),"")&IF(SUMPRODUCT(('تشخيص الحالات'!$B$2:$B$1001=B12)*('تشخيص الحالات'!$G$2:$G$1001=7))>0,"، "&IFERROR(INDEX('تشخيص الحالات'!$D$2:$D$1001,SUMPRODUCT(('تشخيص الحالات'!$B$2:$B$1001=B12)*('تشخيص الحالات'!$G$2:$G$1001=7)*ROW('تشخيص الحالات'!$B$2:$B$1001))-1),""),"")&IF(SUMPRODUCT(('تشخيص الحالات'!$B$2:$B$1001=B12)*('تشخيص الحالات'!$G$2:$G$1001=8))>0,"، "&IFERROR(INDEX('تشخيص الحالات'!$D$2:$D$1001,SUMPRODUCT(('تشخيص الحالات'!$B$2:$B$1001=B12)*('تشخيص الحالات'!$G$2:$G$1001=8)*ROW('تشخيص الحالات'!$B$2:$B$1001))-1),""),"") -> إعاقة ذهنية، اضطراب طيف التوحد | J12: 61 | K12: كلاهما | L12: 1500 | M12: شركة حديد | N12: 3 | O12: 6 | P12: 0 | Q12: 7 | R12: 5 | S12: 0 | T12: =SUM(tbl_Beneficiaries[[#This Row],[ التربية الخاصة ]:[ التأهيل النفسي الحركي ]]) -> 21
A13: 12 | B13: 1777789161 | C13: مستفيد12 | D13: أنثى | E13: 42840 | F13: مدرسة إرادة للتعليم (مكة) | G13: كلاهما | H13: 44820 | I13: =IFERROR(INDEX('تشخيص الحالات'!$D$2:$D$1001,SUMPRODUCT(('تشخيص الحالات'!$B$2:$B$1001=B13)*('تشخيص الحالات'!$G$2:$G$1001=1)*ROW('تشخيص الحالات'!$B$2:$B$1001))-1),"")&IF(SUMPRODUCT(('تشخيص الحالات'!$B$2:$B$1001=B13)*('تشخيص الحالات'!$G$2:$G$1001=2))>0,"، "&IFERROR(INDEX('تشخيص الحالات'!$D$2:$D$1001,SUMPRODUCT(('تشخيص الحالات'!$B$2:$B$1001=B13)*('تشخيص الحالات'!$G$2:$G$1001=2)*ROW('تشخيص الحالات'!$B$2:$B$1001))-1),""),"")&IF(SUMPRODUCT(('تشخيص الحالات'!$B$2:$B$1001=B13)*('تشخيص الحالات'!$G$2:$G$1001=3))>0,"، "&IFERROR(INDEX('تشخيص الحالات'!$D$2:$D$1001,SUMPRODUCT(('تشخيص الحالات'!$B$2:$B$1001=B13)*('تشخيص الحالات'!$G$2:$G$1001=3)*ROW('تشخيص الحالات'!$B$2:$B$1001))-1),""),"")&IF(SUMPRODUCT(('تشخيص الحالات'!$B$2:$B$1001=B13)*('تشخيص الحالات'!$G$2:$G$1001=4))>0,"، "&IFERROR(INDEX('تشخيص الحالات'!$D$2:$D$1001,SUMPRODUCT(('تشخيص الحالات'!$B$2:$B$1001=B13)*('تشخيص الحالات'!$G$2:$G$1001=4)*ROW('تشخيص الحالات'!$B$2:$B$1001))-1),""),"")&IF(SUMPRODUCT(('تشخيص الحالات'!$B$2:$B$1001=B13)*('تشخيص الحالات'!$G$2:$G$1001=5))>0,"، "&IFERROR(INDEX('تشخيص الحالات'!$D$2:$D$1001,SUMPRODUCT(('تشخيص الحالات'!$B$2:$B$1001=B13)*('تشخيص الحالات'!$G$2:$G$1001=5)*ROW('تشخيص الحالات'!$B$2:$B$1001))-1),""),"")&IF(SUMPRODUCT(('تشخيص الحالات'!$B$2:$B$1001=B13)*('تشخيص الحالات'!$G$2:$G$1001=6))>0,"، "&IFERROR(INDEX('تشخيص الحالات'!$D$2:$D$1001,SUMPRODUCT(('تشخيص الحالات'!$B$2:$B$1001=B13)*('تشخيص الحالات'!$G$2:$G$1001=6)*ROW('تشخيص الحالات'!$B$2:$B$1001))-1),""),"")&IF(SUMPRODUCT(('تشخيص الحالات'!$B$2:$B$1001=B13)*('تشخيص الحالات'!$G$2:$G$1001=7))>0,"، "&IFERROR(INDEX('تشخيص الحالات'!$D$2:$D$1001,SUMPRODUCT(('تشخيص الحالات'!$B$2:$B$1001=B13)*('تشخيص الحالات'!$G$2:$G$1001=7)*ROW('تشخيص الحالات'!$B$2:$B$1001))-1),""),"")&IF(SUMPRODUCT(('تشخيص الحالات'!$B$2:$B$1001=B13)*('تشخيص الحالات'!$G$2:$G$1001=8))>0,"، "&IFERROR(INDEX('تشخيص الحالات'!$D$2:$D$1001,SUMPRODUCT(('تشخيص الحالات'!$B$2:$B$1001=B13)*('تشخيص الحالات'!$G$2:$G$1001=8)*ROW('تشخيص الحالات'!$B$2:$B$1001))-1),""),"") -> تأخر نمائي، اضطراب نفسي حركي، صعوبات تعلم | J13: 91 | K13: فصول | L13: 3500 | M13: الشؤون الاجتماعية | N13: 1 | O13: 9 | P13: 0 | Q13: 8 | R13: 0 | S13: 1 | T13: =SUM(tbl_Beneficiaries[[#This Row],[ التربية الخاصة ]:[ التأهيل النفسي الحركي ]]) -> 19
A14: 13 | B14: 1239383239 | C14: مستفيد13 | D14: ذكر | E14: 41957 | F14: مركز إرادة وتمكين لرعاية ذوي الاحتياجات الخاصة (جلمودة) | G14: صباحي | H14: 45063 | I14: =IFERROR(INDEX('تشخيص الحالات'!$D$2:$D$1001,SUMPRODUCT(('تشخيص الحالات'!$B$2:$B$1001=B14)*('تشخيص الحالات'!$G$2:$G$1001=1)*ROW('تشخيص الحالات'!$B$2:$B$1001))-1),"")&IF(SUMPRODUCT(('تشخيص الحالات'!$B$2:$B$1001=B14)*('تشخيص الحالات'!$G$2:$G$1001=2))>0,"، "&IFERROR(INDEX('تشخيص الحالات'!$D$2:$D$1001,SUMPRODUCT(('تشخيص الحالات'!$B$2:$B$1001=B14)*('تشخيص الحالات'!$G$2:$G$1001=2)*ROW('تشخيص الحالات'!$B$2:$B$1001))-1),""),"")&IF(SUMPRODUCT(('تشخيص الحالات'!$B$2:$B$1001=B14)*('تشخيص الحالات'!$G$2:$G$1001=3))>0,"، "&IFERROR(INDEX('تشخيص الحالات'!$D$2:$D$1001,SUMPRODUCT(('تشخيص الحالات'!$B$2:$B$1001=B14)*('تشخيص الحالات'!$G$2:$G$1001=3)*ROW('تشخيص الحالات'!$B$2:$B$1001))-1),""),"")&IF(SUMPRODUCT(('تشخيص الحالات'!$B$2:$B$1001=B14)*('تشخيص الحالات'!$G$2:$G$1001=4))>0,"، "&IFERROR(INDEX('تشخيص الحالات'!$D$2:$D$1001,SUMPRODUCT(('تشخيص الحالات'!$B$2:$B$1001=B14)*('تشخيص الحالات'!$G$2:$G$1001=4)*ROW('تشخيص الحالات'!$B$2:$B$1001))-1),""),"")&IF(SUMPRODUCT(('تشخيص الحالات'!$B$2:$B$1001=B14)*('تشخيص الحالات'!$G$2:$G$1001=5))>0,"، "&IFERROR(INDEX('تشخيص الحالات'!$D$2:$D$1001,SUMPRODUCT(('تشخيص الحالات'!$B$2:$B$1001=B14)*('تشخيص الحالات'!$G$2:$G$1001=5)*ROW('تشخيص الحالات'!$B$2:$B$1001))-1),""),"")&IF(SUMPRODUCT(('تشخيص الحالات'!$B$2:$B$1001=B14)*('تشخيص الحالات'!$G$2:$G$1001=6))>0,"، "&IFERROR(INDEX('تشخيص الحالات'!$D$2:$D$1001,SUMPRODUCT(('تشخيص الحالات'!$B$2:$B$1001=B14)*('تشخيص الحالات'!$G$2:$G$1001=6)*ROW('تشخيص الحالات'!$B$2:$B$1001))-1),""),"")&IF(SUMPRODUCT(('تشخيص الحالات'!$B$2:$B$1001=B14)*('تشخيص الحالات'!$G$2:$G$1001=7))>0,"، "&IFERROR(INDEX('تشخيص الحالات'!$D$2:$D$1001,SUMPRODUCT(('تشخيص الحالات'!$B$2:$B$1001=B14)*('تشخيص الحالات'!$G$2:$G$1001=7)*ROW('تشخيص الحالات'!$B$2:$B$1001))-1),""),"")&IF(SUMPRODUCT(('تشخيص الحالات'!$B$2:$B$1001=B14)*('تشخيص الحالات'!$G$2:$G$1001=8))>0,"، "&IFERROR(INDEX('تشخيص الحالات'!$D$2:$D$1001,SUMPRODUCT(('تشخيص الحالات'!$B$2:$B$1001=B14)*('تشخيص الحالات'!$G$2:$G$1001=8)*ROW('تشخيص الحالات'!$B$2:$B$1001))-1),""),"") -> تأخر حركي، إعاقة بصرية | J14: 54 | K14: فصول | L14: 2000 | M14: أفراد | N14: 5 | O14: 6 | P14: 0 | Q14: 0 | R14: 0 | S14: 8 | T14: =SUM(tbl_Beneficiaries[[#This Row],[ التربية الخاصة ]:[ التأهيل النفسي الحركي ]]) -> 19
... A201: 200 | B201: 1358470403 | C201: مستفيد200 | D201: ذكر | E201: 40556 | F201: مركز إرادة وتمكين للرعاية النهارية (القدس) | G201: مسائي | H201: 44806 | I201: =IFERROR(INDEX('تشخيص الحالات'!$D$2:$D$1001,SUMPRODUCT(('تشخيص الحالات'!$B$2:$B$1001=B201)*('تشخيص الحالات'!$G$2:$G$1001=1)*ROW('تشخيص الحالات'!$B$2:$B$1001))-1),"")&IF(SUMPRODUCT(('تشخيص الحالات'!$B$2:$B$1001=B201)*('تشخيص الحالات'!$G$2:$G$1001=2))>0,"، "&IFERROR(INDEX('تشخيص الحالات'!$D$2:$D$1001,SUMPRODUCT(('تشخيص الحالات'!$B$2:$B$1001=B201)*('تشخيص الحالات'!$G$2:$G$1001=2)*ROW('تشخيص الحالات'!$B$2:$B$1001))-1),""),"")&IF(SUMPRODUCT(('تشخيص الحالات'!$B$2:$B$1001=B201)*('تشخيص الحالات'!$G$2:$G$1001=3))>0,"، "&IFERROR(INDEX('تشخيص الحالات'!$D$2:$D$1001,SUMPRODUCT(('تشخيص الحالات'!$B$2:$B$1001=B201)*('تشخيص الحالات'!$G$2:$G$1001=3)*ROW('تشخيص الحالات'!$B$2:$B$1001))-1),""),"")&IF(SUMPRODUCT(('تشخيص الحالات'!$B$2:$B$1001=B201)*('تشخيص الحالات'!$G$2:$G$1001=4))>0,"، "&IFERROR(INDEX('تشخيص الحالات'!$D$2:$D$1001,SUMPRODUCT(('تشخيص الحالات'!$B$2:$B$1001=B201)*('تشخيص الحالات'!$G$2:$G$1001=4)*ROW('تشخيص الحالات'!$B$2:$B$1001))-1),""),"")&IF(SUMPRODUCT(('تشخيص الحالات'!$B$2:$B$1001=B201)*('تشخيص الحالات'!$G$2:$G$1001=5))>0,"، "&IFERROR(INDEX('تشخيص الحالات'!$D$2:$D$1001,SUMPRODUCT(('تشخيص الحالات'!$B$2:$B$1001=B201)*('تشخيص الحالات'!$G$2:$G$1001=5)*ROW('تشخيص الحالات'!$B$2:$B$1001))-1),""),"")&IF(SUMPRODUCT(('تشخيص الحالات'!$B$2:$B$1001=B201)*('تشخيص الحالات'!$G$2:$G$1001=6))>0,"، "&IFERROR(INDEX('تشخيص الحالات'!$D$2:$D$1001,SUMPRODUCT(('تشخيص الحالات'!$B$2:$B$1001=B201)*('تشخيص الحالات'!$G$2:$G$1001=6)*ROW('تشخيص الحالات'!$B$2:$B$1001))-1),""),"")&IF(SUMPRODUCT(('تشخيص الحالات'!$B$2:$B$1001=B201)*('تشخيص الحالات'!$G$2:$G$1001=7))>0,"، "&IFERROR(INDEX('تشخيص الحالات'!$D$2:$D$1001,SUMPRODUCT(('تشخيص الحالات'!$B$2:$B$1001=B201)*('تشخيص الحالات'!$G$2:$G$1001=7)*ROW('تشخيص الحالات'!$B$2:$B$1001))-1),""),"")&IF(SUMPRODUCT(('تشخيص الحالات'!$B$2:$B$1001=B201)*('تشخيص الحالات'!$G$2:$G$1001=8))>0,"، "&IFERROR(INDEX('تشخيص الحالات'!$D$2:$D$1001,SUMPRODUCT(('تشخيص الحالات'!$B$2:$B$1001=B201)*('تشخيص الحالات'!$G$2:$G$1001=8)*ROW('تشخيص الحالات'!$B$2:$B$1001))-1),""),"") -> تأخر نمائي، إعاقة ذهنية، اضطراب نفسي حركي، إعاقة سمعية | J201: 96 | K201: فصول | L201: 1500 | M201: شركة حديد | N201: 3 | O201: 0 | P201: 3 | Q201: 9 | R201: 7 | S201: 5 | T201: =SUM(tbl_Beneficiaries[[#This Row],[ التربية الخاصة ]:[ التأهيل النفسي الحركي ]]) -> 27
I202: =IFERROR(INDEX('تشخيص الحالات'!$D$2:$D$1001,SUMPRODUCT(('تشخيص الحالات'!$B$2:$B$1001=B202)*('تشخيص الحالات'!$G$2:$G$1001=1)*ROW('تشخيص الحالات'!$B$2:$B$1001))-1),"")&IF(SUMPRODUCT(('تشخيص الحالات'!$B$2:$B$1001=B202)*('تشخيص الحالات'!$G$2:$G$1001=2))>0,"، "&IFERROR(INDEX('تشخيص الحالات'!$D$2:$D$1001,SUMPRODUCT(('تشخيص الحالات'!$B$2:$B$1001=B202)*('تشخيص الحالات'!$G$2:$G$1001=2)*ROW('تشخيص الحالات'!$B$2:$B$1001))-1),""),"")&IF(SUMPRODUCT(('تشخيص الحالات'!$B$2:$B$1001=B202)*('تشخيص الحالات'!$G$2:$G$1001=3))>0,"، "&IFERROR(INDEX('تشخيص الحالات'!$D$2:$D$1001,SUMPRODUCT(('تشخيص الحالات'!$B$2:$B$1001=B202)*('تشخيص الحالات'!$G$2:$G$1001=3)*ROW('تشخيص الحالات'!$B$2:$B$1001))-1),""),"")&IF(SUMPRODUCT(('تشخيص الحالات'!$B$2:$B$1001=B202)*('تشخيص الحالات'!$G$2:$G$1001=4))>0,"، "&IFERROR(INDEX('تشخيص الحالات'!$D$2:$D$1001,SUMPRODUCT(('تشخيص الحالات'!$B$2:$B$1001=B202)*('تشخيص الحالات'!$G$2:$G$1001=4)*ROW('تشخيص الحالات'!$B$2:$B$1001))-1),""),"")&IF(SUMPRODUCT(('تشخيص الحالات'!$B$2:$B$1001=B202)*('تشخيص الحالات'!$G$2:$G$1001=5))>0,"، "&IFERROR(INDEX('تشخيص الحالات'!$D$2:$D$1001,SUMPRODUCT(('تشخيص الحالات'!$B$2:$B$1001=B202)*('تشخيص الحالات'!$G$2:$G$1001=5)*ROW('تشخيص الحالات'!$B$2:$B$1001))-1),""),"")&IF(SUMPRODUCT(('تشخيص الحالات'!$B$2:$B$1001=B202)*('تشخيص الحالات'!$G$2:$G$1001=6))>0,"، "&IFERROR(INDEX('تشخيص الحالات'!$D$2:$D$1001,SUMPRODUCT(('تشخيص الحالات'!$B$2:$B$1001=B202)*('تشخيص الحالات'!$G$2:$G$1001=6)*ROW('تشخيص الحالات'!$B$2:$B$1001))-1),""),"")&IF(SUMPRODUCT(('تشخيص الحالات'!$B$2:$B$1001=B202)*('تشخيص الحالات'!$G$2:$G$1001=7))>0,"، "&IFERROR(INDEX('تشخيص الحالات'!$D$2:$D$1001,SUMPRODUCT(('تشخيص الحالات'!$B$2:$B$1001=B202)*('تشخيص الحالات'!$G$2:$G$1001=7)*ROW('تشخيص الحالات'!$B$2:$B$1001))-1),""),"")&IF(SUMPRODUCT(('تشخيص الحالات'!$B$2:$B$1001=B202)*('تشخيص الحالات'!$G$2:$G$1001=8))>0,"، "&IFERROR(INDEX('تشخيص الحالات'!$D$2:$D$1001,SUMPRODUCT(('تشخيص الحالات'!$B$2:$B$1001=B202)*('تشخيص الحالات'!$G$2:$G$1001=8)*ROW('تشخيص الحالات'!$B$2:$B$1001))-1),""),"")
I203: =IFERROR(INDEX('تشخيص الحالات'!$D$2:$D$1001,SUMPRODUCT(('تشخيص الحالات'!$B$2:$B$1001=B203)*('تشخيص الحالات'!$G$2:$G$1001=1)*ROW('تشخيص الحالات'!$B$2:$B$1001))-1),"")&IF(SUMPRODUCT(('تشخيص الحالات'!$B$2:$B$1001=B203)*('تشخيص الحالات'!$G$2:$G$1001=2))>0,"، "&IFERROR(INDEX('تشخيص الحالات'!$D$2:$D$1001,SUMPRODUCT(('تشخيص الحالات'!$B$2:$B$1001=B203)*('تشخيص الحالات'!$G$2:$G$1001=2)*ROW('تشخيص الحالات'!$B$2:$B$1001))-1),""),"")&IF(SUMPRODUCT(('تشخيص الحالات'!$B$2:$B$1001=B203)*('تشخيص الحالات'!$G$2:$G$1001=3))>0,"، "&IFERROR(INDEX('تشخيص الحالات'!$D$2:$D$1001,SUMPRODUCT(('تشخيص الحالات'!$B$2:$B$1001=B203)*('تشخيص الحالات'!$G$2:$G$1001=3)*ROW('تشخيص الحالات'!$B$2:$B$1001))-1),""),"")&IF(SUMPRODUCT(('تشخيص الحالات'!$B$2:$B$1001=B203)*('تشخيص الحالات'!$G$2:$G$1001=4))>0,"، "&IFERROR(INDEX('تشخيص الحالات'!$D$2:$D$1001,SUMPRODUCT(('تشخيص الحالات'!$B$2:$B$1001=B203)*('تشخيص الحالات'!$G$2:$G$1001=4)*ROW('تشخيص الحالات'!$B$2:$B$1001))-1),""),"")&IF(SUMPRODUCT(('تشخيص الحالات'!$B$2:$B$1001=B203)*('تشخيص الحالات'!$G$2:$G$1001=5))>0,"، "&IFERROR(INDEX('تشخيص الحالات'!$D$2:$D$1001,SUMPRODUCT(('تشخيص الحالات'!$B$2:$B$1001=B203)*('تشخيص الحالات'!$G$2:$G$1001=5)*ROW('تشخيص الحالات'!$B$2:$B$1001))-1),""),"")&IF(SUMPRODUCT(('تشخيص الحالات'!$B$2:$B$1001=B203)*('تشخيص الحالات'!$G$2:$G$1001=6))>0,"، "&IFERROR(INDEX('تشخيص الحالات'!$D$2:$D$1001,SUMPRODUCT(('تشخيص الحالات'!$B$2:$B$1001=B203)*('تشخيص الحالات'!$G$2:$G$1001=6)*ROW('تشخيص الحالات'!$B$2:$B$1001))-1),""),"")&IF(SUMPRODUCT(('تشخيص الحالات'!$B$2:$B$1001=B203)*('تشخيص الحالات'!$G$2:$G$1001=7))>0,"، "&IFERROR(INDEX('تشخيص الحالات'!$D$2:$D$1001,SUMPRODUCT(('تشخيص الحالات'!$B$2:$B$1001=B203)*('تشخيص الحالات'!$G$2:$G$1001=7)*ROW('تشخيص الحالات'!$B$2:$B$1001))-1),""),"")&IF(SUMPRODUCT(('تشخيص الحالات'!$B$2:$B$1001=B203)*('تشخيص الحالات'!$G$2:$G$1001=8))>0,"، "&IFERROR(INDEX('تشخيص الحالات'!$D$2:$D$1001,SUMPRODUCT(('تشخيص الحالات'!$B$2:$B$1001=B203)*('تشخيص الحالات'!$G$2:$G$1001=8)*ROW('تشخيص الحالات'!$B$2:$B$1001))-1),""),"")
I204: =IFERROR(INDEX('تشخيص الحالات'!$D$2:$D$1001,SUMPRODUCT(('تشخيص الحالات'!$B$2:$B$1001=B204)*('تشخيص الحالات'!$G$2:$G$1001=1)*ROW('تشخيص الحالات'!$B$2:$B$1001))-1),"")&IF(SUMPRODUCT(('تشخيص الحالات'!$B$2:$B$1001=B204)*('تشخيص الحالات'!$G$2:$G$1001=2))>0,"، "&IFERROR(INDEX('تشخيص الحالات'!$D$2:$D$1001,SUMPRODUCT(('تشخيص الحالات'!$B$2:$B$1001=B204)*('تشخيص الحالات'!$G$2:$G$1001=2)*ROW('تشخيص الحالات'!$B$2:$B$1001))-1),""),"")&IF(SUMPRODUCT(('تشخيص الحالات'!$B$2:$B$1001=B204)*('تشخيص الحالات'!$G$2:$G$1001=3))>0,"، "&IFERROR(INDEX('تشخيص الحالات'!$D$2:$D$1001,SUMPRODUCT(('تشخيص الحالات'!$B$2:$B$1001=B204)*('تشخيص الحالات'!$G$2:$G$1001=3)*ROW('تشخيص الحالات'!$B$2:$B$1001))-1),""),"")&IF(SUMPRODUCT(('تشخيص الحالات'!$B$2:$B$1001=B204)*('تشخيص الحالات'!$G$2:$G$1001=4))>0,"، "&IFERROR(INDEX('تشخيص الحالات'!$D$2:$D$1001,SUMPRODUCT(('تشخيص الحالات'!$B$2:$B$1001=B204)*('تشخيص الحالات'!$G$2:$G$1001=4)*ROW('تشخيص الحالات'!$B$2:$B$1001))-1),""),"")&IF(SUMPRODUCT(('تشخيص الحالات'!$B$2:$B$1001=B204)*('تشخيص الحالات'!$G$2:$G$1001=5))>0,"، "&IFERROR(INDEX('تشخيص الحالات'!$D$2:$D$1001,SUMPRODUCT(('تشخيص الحالات'!$B$2:$B$1001=B204)*('تشخيص الحالات'!$G$2:$G$1001=5)*ROW('تشخيص الحالات'!$B$2:$B$1001))-1),""),"")&IF(SUMPRODUCT(('تشخيص الحالات'!$B$2:$B$1001=B204)*('تشخيص الحالات'!$G$2:$G$1001=6))>0,"، "&IFERROR(INDEX('تشخيص الحالات'!$D$2:$D$1001,SUMPRODUCT(('تشخيص الحالات'!$B$2:$B$1001=B204)*('تشخيص الحالات'!$G$2:$G$1001=6)*ROW('تشخيص الحالات'!$B$2:$B$1001))-1),""),"")&IF(SUMPRODUCT(('تشخيص الحالات'!$B$2:$B$1001=B204)*('تشخيص الحالات'!$G$2:$G$1001=7))>0,"، "&IFERROR(INDEX('تشخيص الحالات'!$D$2:$D$1001,SUMPRODUCT(('تشخيص الحالات'!$B$2:$B$1001=B204)*('تشخيص الحالات'!$G$2:$G$1001=7)*ROW('تشخيص الحالات'!$B$2:$B$1001))-1),""),"")&IF(SUMPRODUCT(('تشخيص الحالات'!$B$2:$B$1001=B204)*('تشخيص الحالات'!$G$2:$G$1001=8))>0,"، "&IFERROR(INDEX('تشخيص الحالات'!$D$2:$D$1001,SUMPRODUCT(('تشخيص الحالات'!$B$2:$B$1001=B204)*('تشخيص الحالات'!$G$2:$G$1001=8)*ROW('تشخيص الحالات'!$B$2:$B$1001))-1),""),"")
I205: =IFERROR(INDEX('تشخيص الحالات'!$D$2:$D$1001,SUMPRODUCT(('تشخيص الحالات'!$B$2:$B$1001=B205)*('تشخيص الحالات'!$G$2:$G$1001=1)*ROW('تشخيص الحالات'!$B$2:$B$1001))-1),"")&IF(SUMPRODUCT(('تشخيص الحالات'!$B$2:$B$1001=B205)*('تشخيص الحالات'!$G$2:$G$1001=2))>0,"، "&IFERROR(INDEX('تشخيص الحالات'!$D$2:$D$1001,SUMPRODUCT(('تشخيص الحالات'!$B$2:$B$1001=B205)*('تشخيص الحالات'!$G$2:$G$1001=2)*ROW('تشخيص الحالات'!$B$2:$B$1001))-1),""),"")&IF(SUMPRODUCT(('تشخيص الحالات'!$B$2:$B$1001=B205)*('تشخيص الحالات'!$G$2:$G$1001=3))>0,"، "&IFERROR(INDEX('تشخيص الحالات'!$D$2:$D$1001,SUMPRODUCT(('تشخيص الحالات'!$B$2:$B$1001=B205)*('تشخيص الحالات'!$G$2:$G$1001=3)*ROW('تشخيص الحالات'!$B$2:$B$1001))-1),""),"")&IF(SUMPRODUCT(('تشخيص الحالات'!$B$2:$B$1001=B205)*('تشخيص الحالات'!$G$2:$G$1001=4))>0,"، "&IFERROR(INDEX('تشخيص الحالات'!$D$2:$D$1001,SUMPRODUCT(('تشخيص الحالات'!$B$2:$B$1001=B205)*('تشخيص الحالات'!$G$2:$G$1001=4)*ROW('تشخيص الحالات'!$B$2:$B$1001))-1),""),"")&IF(SUMPRODUCT(('تشخيص الحالات'!$B$2:$B$1001=B205)*('تشخيص الحالات'!$G$2:$G$1001=5))>0,"، "&IFERROR(INDEX('تشخيص الحالات'!$D$2:$D$1001,SUMPRODUCT(('تشخيص الحالات'!$B$2:$B$1001=B205)*('تشخيص الحالات'!$G$2:$G$1001=5)*ROW('تشخيص الحالات'!$B$2:$B$1001))-1),""),"")&IF(SUMPRODUCT(('تشخيص الحالات'!$B$2:$B$1001=B205)*('تشخيص الحالات'!$G$2:$G$1001=6))>0,"، "&IFERROR(INDEX('تشخيص الحالات'!$D$2:$D$1001,SUMPRODUCT(('تشخيص الحالات'!$B$2:$B$1001=B205)*('تشخيص الحالات'!$G$2:$G$1001=6)*ROW('تشخيص الحالات'!$B$2:$B$1001))-1),""),"")&IF(SUMPRODUCT(('تشخيص الحالات'!$B$2:$B$1001=B205)*('تشخيص الحالات'!$G$2:$G$1001=7))>0,"، "&IFERROR(INDEX('تشخيص الحالات'!$D$2:$D$1001,SUMPRODUCT(('تشخيص الحالات'!$B$2:$B$1001=B205)*('تشخيص الحالات'!$G$2:$G$1001=7)*ROW('تشخيص الحالات'!$B$2:$B$1001))-1),""),"")&IF(SUMPRODUCT(('تشخيص الحالات'!$B$2:$B$1001=B205)*('تشخيص الحالات'!$G$2:$G$1001=8))>0,"، "&IFERROR(INDEX('تشخيص الحالات'!$D$2:$D$1001,SUMPRODUCT(('تشخيص الحالات'!$B$2:$B$1001=B205)*('تشخيص الحالات'!$G$2:$G$1001=8)*ROW('تشخيص الحالات'!$B$2:$B$1001))-1),""),"")
I206: =IFERROR(INDEX('تشخيص الحالات'!$D$2:$D$1001,SUMPRODUCT(('تشخيص الحالات'!$B$2:$B$1001=B206)*('تشخيص الحالات'!$G$2:$G$1001=1)*ROW('تشخيص الحالات'!$B$2:$B$1001))-1),"")&IF(SUMPRODUCT(('تشخيص الحالات'!$B$2:$B$1001=B206)*('تشخيص الحالات'!$G$2:$G$1001=2))>0,"، "&IFERROR(INDEX('تشخيص الحالات'!$D$2:$D$1001,SUMPRODUCT(('تشخيص الحالات'!$B$2:$B$1001=B206)*('تشخيص الحالات'!$G$2:$G$1001=2)*ROW('تشخيص الحالات'!$B$2:$B$1001))-1),""),"")&IF(SUMPRODUCT(('تشخيص الحالات'!$B$2:$B$1001=B206)*('تشخيص الحالات'!$G$2:$G$1001=3))>0,"، "&IFERROR(INDEX('تشخيص الحالات'!$D$2:$D$1001,SUMPRODUCT(('تشخيص الحالات'!$B$2:$B$1001=B206)*('تشخيص الحالات'!$G$2:$G$1001=3)*ROW('تشخيص الحالات'!$B$2:$B$1001))-1),""),"")&IF(SUMPRODUCT(('تشخيص الحالات'!$B$2:$B$1001=B206)*('تشخيص الحالات'!$G$2:$G$1001=4))>0,"، "&IFERROR(INDEX('تشخيص الحالات'!$D$2:$D$1001,SUMPRODUCT(('تشخيص الحالات'!$B$2:$B$1001=B206)*('تشخيص الحالات'!$G$2:$G$1001=4)*ROW('تشخيص الحالات'!$B$2:$B$1001))-1),""),"")&IF(SUMPRODUCT(('تشخيص الحالات'!$B$2:$B$1001=B206)*('تشخيص الحالات'!$G$2:$G$1001=5))>0,"، "&IFERROR(INDEX('تشخيص الحالات'!$D$2:$D$1001,SUMPRODUCT(('تشخيص الحالات'!$B$2:$B$1001=B206)*('تشخيص الحالات'!$G$2:$G$1001=5)*ROW('تشخيص الحالات'!$B$2:$B$1001))-1),""),"")&IF(SUMPRODUCT(('تشخيص الحالات'!$B$2:$B$1001=B206)*('تشخيص الحالات'!$G$2:$G$1001=6))>0,"، "&IFERROR(INDEX('تشخيص الحالات'!$D$2:$D$1001,SUMPRODUCT(('تشخيص الحالات'!$B$2:$B$1001=B206)*('تشخيص الحالات'!$G$2:$G$1001=6)*ROW('تشخيص الحالات'!$B$2:$B$1001))-1),""),"")&IF(SUMPRODUCT(('تشخيص الحالات'!$B$2:$B$1001=B206)*('تشخيص الحالات'!$G$2:$G$1001=7))>0,"، "&IFERROR(INDEX('تشخيص الحالات'!$D$2:$D$1001,SUMPRODUCT(('تشخيص الحالات'!$B$2:$B$1001=B206)*('تشخيص الحالات'!$G$2:$G$1001=7)*ROW('تشخيص الحالات'!$B$2:$B$1001))-1),""),"")&IF(SUMPRODUCT(('تشخيص الحالات'!$B$2:$B$1001=B206)*('تشخيص الحالات'!$G$2:$G$1001=8))>0,"، "&IFERROR(INDEX('تشخيص الحالات'!$D$2:$D$1001,SUMPRODUCT(('تشخيص الحالات'!$B$2:$B$1001=B206)*('تشخيص الحالات'!$G$2:$G$1001=8)*ROW('تشخيص الحالات'!$B$2:$B$1001))-1),""),"")
I207: =IFERROR(INDEX('تشخيص الحالات'!$D$2:$D$1001,SUMPRODUCT(('تشخيص الحالات'!$B$2:$B$1001=B207)*('تشخيص الحالات'!$G$2:$G$1001=1)*ROW('تشخيص الحالات'!$B$2:$B$1001))-1),"")&IF(SUMPRODUCT(('تشخيص الحالات'!$B$2:$B$1001=B207)*('تشخيص الحالات'!$G$2:$G$1001=2))>0,"، "&IFERROR(INDEX('تشخيص الحالات'!$D$2:$D$1001,SUMPRODUCT(('تشخيص الحالات'!$B$2:$B$1001=B207)*('تشخيص الحالات'!$G$2:$G$1001=2)*ROW('تشخيص الحالات'!$B$2:$B$1001))-1),""),"")&IF(SUMPRODUCT(('تشخيص الحالات'!$B$2:$B$1001=B207)*('تشخيص الحالات'!$G$2:$G$1001=3))>0,"، "&IFERROR(INDEX('تشخيص الحالات'!$D$2:$D$1001,SUMPRODUCT(('تشخيص الحالات'!$B$2:$B$1001=B207)*('تشخيص الحالات'!$G$2:$G$1001=3)*ROW('تشخيص الحالات'!$B$2:$B$1001))-1),""),"")&IF(SUMPRODUCT(('تشخيص الحالات'!$B$2:$B$1001=B207)*('تشخيص الحالات'!$G$2:$G$1001=4))>0,"، "&IFERROR(INDEX('تشخيص الحالات'!$D$2:$D$1001,SUMPRODUCT(('تشخيص الحالات'!$B$2:$B$1001=B207)*('تشخيص الحالات'!$G$2:$G$1001=4)*ROW('تشخيص الحالات'!$B$2:$B$1001))-1),""),"")&IF(SUMPRODUCT(('تشخيص الحالات'!$B$2:$B$1001=B207)*('تشخيص الحالات'!$G$2:$G$1001=5))>0,"، "&IFERROR(INDEX('تشخيص الحالات'!$D$2:$D$1001,SUMPRODUCT(('تشخيص الحالات'!$B$2:$B$1001=B207)*('تشخيص الحالات'!$G$2:$G$1001=5)*ROW('تشخيص الحالات'!$B$2:$B$1001))-1),""),"")&IF(SUMPRODUCT(('تشخيص الحالات'!$B$2:$B$1001=B207)*('تشخيص الحالات'!$G$2:$G$1001=6))>0,"، "&IFERROR(INDEX('تشخيص الحالات'!$D$2:$D$1001,SUMPRODUCT(('تشخيص الحالات'!$B$2:$B$1001=B207)*('تشخيص الحالات'!$G$2:$G$1001=6)*ROW('تشخيص الحالات'!$B$2:$B$1001))-1),""),"")&IF(SUMPRODUCT(('تشخيص الحالات'!$B$2:$B$1001=B207)*('تشخيص الحالات'!$G$2:$G$1001=7))>0,"، "&IFERROR(INDEX('تشخيص الحالات'!$D$2:$D$1001,SUMPRODUCT(('تشخيص الحالات'!$B$2:$B$1001=B207)*('تشخيص الحالات'!$G$2:$G$1001=7)*ROW('تشخيص الحالات'!$B$2:$B$1001))-1),""),"")&IF(SUMPRODUCT(('تشخيص الحالات'!$B$2:$B$1001=B207)*('تشخيص الحالات'!$G$2:$G$1001=8))>0,"، "&IFERROR(INDEX('تشخيص الحالات'!$D$2:$D$1001,SUMPRODUCT(('تشخيص الحالات'!$B$2:$B$1001=B207)*('تشخيص الحالات'!$G$2:$G$1001=8)*ROW('تشخيص الحالات'!$B$2:$B$1001))-1),""),"")
I208: =IFERROR(INDEX('تشخيص الحالات'!$D$2:$D$1001,SUMPRODUCT(('تشخيص الحالات'!$B$2:$B$1001=B208)*('تشخيص الحالات'!$G$2:$G$1001=1)*ROW('تشخيص الحالات'!$B$2:$B$1001))-1),"")&IF(SUMPRODUCT(('تشخيص الحالات'!$B$2:$B$1001=B208)*('تشخيص الحالات'!$G$2:$G$1001=2))>0,"، "&IFERROR(INDEX('تشخيص الحالات'!$D$2:$D$1001,SUMPRODUCT(('تشخيص الحالات'!$B$2:$B$1001=B208)*('تشخيص الحالات'!$G$2:$G$1001=2)*ROW('تشخيص الحالات'!$B$2:$B$1001))-1),""),"")&IF(SUMPRODUCT(('تشخيص الحالات'!$B$2:$B$1001=B208)*('تشخيص الحالات'!$G$2:$G$1001=3))>0,"، "&IFERROR(INDEX('تشخيص الحالات'!$D$2:$D$1001,SUMPRODUCT(('تشخيص الحالات'!$B$2:$B$1001=B208)*('تشخيص الحالات'!$G$2:$G$1001=3)*ROW('تشخيص الحالات'!$B$2:$B$1001))-1),""),"")&IF(SUMPRODUCT(('تشخيص الحالات'!$B$2:$B$1001=B208)*('تشخيص الحالات'!$G$2:$G$1001=4))>0,"، "&IFERROR(INDEX('تشخيص الحالات'!$D$2:$D$1001,SUMPRODUCT(('تشخيص الحالات'!$B$2:$B$1001=B208)*('تشخيص الحالات'!$G$2:$G$1001=4)*ROW('تشخيص الحالات'!$B$2:$B$1001))-1),""),"")&IF(SUMPRODUCT(('تشخيص الحالات'!$B$2:$B$1001=B208)*('تشخيص الحالات'!$G$2:$G$1001=5))>0,"، "&IFERROR(INDEX('تشخيص الحالات'!$D$2:$D$1001,SUMPRODUCT(('تشخيص الحالات'!$B$2:$B$1001=B208)*('تشخيص الحالات'!$G$2:$G$1001=5)*ROW('تشخيص الحالات'!$B$2:$B$1001))-1),""),"")&IF(SUMPRODUCT(('تشخيص الحالات'!$B$2:$B$1001=B208)*('تشخيص الحالات'!$G$2:$G$1001=6))>0,"، "&IFERROR(INDEX('تشخيص الحالات'!$D$2:$D$1001,SUMPRODUCT(('تشخيص الحالات'!$B$2:$B$1001=B208)*('تشخيص الحالات'!$G$2:$G$1001=6)*ROW('تشخيص الحالات'!$B$2:$B$1001))-1),""),"")&IF(SUMPRODUCT(('تشخيص الحالات'!$B$2:$B$1001=B208)*('تشخيص الحالات'!$G$2:$G$1001=7))>0,"، "&IFERROR(INDEX('تشخيص الحالات'!$D$2:$D$1001,SUMPRODUCT(('تشخيص الحالات'!$B$2:$B$1001=B208)*('تشخيص الحالات'!$G$2:$G$1001=7)*ROW('تشخيص الحالات'!$B$2:$B$1001))-1),""),"")&IF(SUMPRODUCT(('تشخيص الحالات'!$B$2:$B$1001=B208)*('تشخيص الحالات'!$G$2:$G$1001=8))>0,"، "&IFERROR(INDEX('تشخيص الحالات'!$D$2:$D$1001,SUMPRODUCT(('تشخيص الحالات'!$B$2:$B$1001=B208)*('تشخيص الحالات'!$G$2:$G$1001=8)*ROW('تشخيص الحالات'!$B$2:$B$1001))-1),""),"")
I209: =IFERROR(INDEX('تشخيص الحالات'!$D$2:$D$1001,SUMPRODUCT(('تشخيص الحالات'!$B$2:$B$1001=B209)*('تشخيص الحالات'!$G$2:$G$1001=1)*ROW('تشخيص الحالات'!$B$2:$B$1001))-1),"")&IF(SUMPRODUCT(('تشخيص الحالات'!$B$2:$B$1001=B209)*('تشخيص الحالات'!$G$2:$G$1001=2))>0,"، "&IFERROR(INDEX('تشخيص الحالات'!$D$2:$D$1001,SUMPRODUCT(('تشخيص الحالات'!$B$2:$B$1001=B209)*('تشخيص الحالات'!$G$2:$G$1001=2)*ROW('تشخيص الحالات'!$B$2:$B$1001))-1),""),"")&IF(SUMPRODUCT(('تشخيص الحالات'!$B$2:$B$1001=B209)*('تشخيص الحالات'!$G$2:$G$1001=3))>0,"، "&IFERROR(INDEX('تشخيص الحالات'!$D$2:$D$1001,SUMPRODUCT(('تشخيص الحالات'!$B$2:$B$1001=B209)*('تشخيص الحالات'!$G$2:$G$1001=3)*ROW('تشخيص الحالات'!$B$2:$B$1001))-1),""),"")&IF(SUMPRODUCT(('تشخيص الحالات'!$B$2:$B$1001=B209)*('تشخيص الحالات'!$G$2:$G$1001=4))>0,"، "&IFERROR(INDEX('تشخيص الحالات'!$D$2:$D$1001,SUMPRODUCT(('تشخيص الحالات'!$B$2:$B$1001=B209)*('تشخيص الحالات'!$G$2:$G$1001=4)*ROW('تشخيص الحالات'!$B$2:$B$1001))-1),""),"")&IF(SUMPRODUCT(('تشخيص الحالات'!$B$2:$B$1001=B209)*('تشخيص الحالات'!$G$2:$G$1001=5))>0,"، "&IFERROR(INDEX('تشخيص الحالات'!$D$2:$D$1001,SUMPRODUCT(('تشخيص الحالات'!$B$2:$B$1001=B209)*('تشخيص الحالات'!$G$2:$G$1001=5)*ROW('تشخيص الحالات'!$B$2:$B$1001))-1),""),"")&IF(SUMPRODUCT(('تشخيص الحالات'!$B$2:$B$1001=B209)*('تشخيص الحالات'!$G$2:$G$1001=6))>0,"، "&IFERROR(INDEX('تشخيص الحالات'!$D$2:$D$1001,SUMPRODUCT(('تشخيص الحالات'!$B$2:$B$1001=B209)*('تشخيص الحالات'!$G$2:$G$1001=6)*ROW('تشخيص الحالات'!$B$2:$B$1001))-1),""),"")&IF(SUMPRODUCT(('تشخيص الحالات'!$B$2:$B$1001=B209)*('تشخيص الحالات'!$G$2:$G$1001=7))>0,"، "&IFERROR(INDEX('تشخيص الحالات'!$D$2:$D$1001,SUMPRODUCT(('تشخيص الحالات'!$B$2:$B$1001=B209)*('تشخيص الحالات'!$G$2:$G$1001=7)*ROW('تشخيص الحالات'!$B$2:$B$1001))-1),""),"")&IF(SUMPRODUCT(('تشخيص الحالات'!$B$2:$B$1001=B209)*('تشخيص الحالات'!$G$2:$G$1001=8))>0,"، "&IFERROR(INDEX('تشخيص الحالات'!$D$2:$D$1001,SUMPRODUCT(('تشخيص الحالات'!$B$2:$B$1001=B209)*('تشخيص الحالات'!$G$2:$G$1001=8)*ROW('تشخيص الحالات'!$B$2:$B$1001))-1),""),"")
I210: =IFERROR(INDEX('تشخيص الحالات'!$D$2:$D$1001,SUMPRODUCT(('تشخيص الحالات'!$B$2:$B$1001=B210)*('تشخيص الحالات'!$G$2:$G$1001=1)*ROW('تشخيص الحالات'!$B$2:$B$1001))-1),"")&IF(SUMPRODUCT(('تشخيص الحالات'!$B$2:$B$1001=B210)*('تشخيص الحالات'!$G$2:$G$1001=2))>0,"، "&IFERROR(INDEX('تشخيص الحالات'!$D$2:$D$1001,SUMPRODUCT(('تشخيص الحالات'!$B$2:$B$1001=B210)*('تشخيص الحالات'!$G$2:$G$1001=2)*ROW('تشخيص الحالات'!$B$2:$B$1001))-1),""),"")&IF(SUMPRODUCT(('تشخيص الحالات'!$B$2:$B$1001=B210)*('تشخيص الحالات'!$G$2:$G$1001=3))>0,"، "&IFERROR(INDEX('تشخيص الحالات'!$D$2:$D$1001,SUMPRODUCT(('تشخيص الحالات'!$B$2:$B$1001=B210)*('تشخيص الحالات'!$G$2:$G$1001=3)*ROW('تشخيص الحالات'!$B$2:$B$1001))-1),""),"")&IF(SUMPRODUCT(('تشخيص الحالات'!$B$2:$B$1001=B210)*('تشخيص الحالات'!$G$2:$G$1001=4))>0,"، "&IFERROR(INDEX('تشخيص الحالات'!$D$2:$D$1001,SUMPRODUCT(('تشخيص الحالات'!$B$2:$B$1001=B210)*('تشخيص الحالات'!$G$2:$G$1001=4)*ROW('تشخيص الحالات'!$B$2:$B$1001))-1),""),"")&IF(SUMPRODUCT(('تشخيص الحالات'!$B$2:$B$1001=B210)*('تشخيص الحالات'!$G$2:$G$1001=5))>0,"، "&IFERROR(INDEX('تشخيص الحالات'!$D$2:$D$1001,SUMPRODUCT(('تشخيص الحالات'!$B$2:$B$1001=B210)*('تشخيص الحالات'!$G$2:$G$1001=5)*ROW('تشخيص الحالات'!$B$2:$B$1001))-1),""),"")&IF(SUMPRODUCT(('تشخيص الحالات'!$B$2:$B$1001=B210)*('تشخيص الحالات'!$G$2:$G$1001=6))>0,"، "&IFERROR(INDEX('تشخيص الحالات'!$D$2:$D$1001,SUMPRODUCT(('تشخيص الحالات'!$B$2:$B$1001=B210)*('تشخيص الحالات'!$G$2:$G$1001=6)*ROW('تشخيص الحالات'!$B$2:$B$1001))-1),""),"")&IF(SUMPRODUCT(('تشخيص الحالات'!$B$2:$B$1001=B210)*('تشخيص الحالات'!$G$2:$G$1001=7))>0,"، "&IFERROR(INDEX('تشخيص الحالات'!$D$2:$D$1001,SUMPRODUCT(('تشخيص الحالات'!$B$2:$B$1001=B210)*('تشخيص الحالات'!$G$2:$G$1001=7)*ROW('تشخيص الحالات'!$B$2:$B$1001))-1),""),"")&IF(SUMPRODUCT(('تشخيص الحالات'!$B$2:$B$1001=B210)*('تشخيص الحالات'!$G$2:$G$1001=8))>0,"، "&IFERROR(INDEX('تشخيص الحالات'!$D$2:$D$1001,SUMPRODUCT(('تشخيص الحالات'!$B$2:$B$1001=B210)*('تشخيص الحالات'!$G$2:$G$1001=8)*ROW('تشخيص الحالات'!$B$2:$B$1001))-1),""),"")
I211: =IFERROR(INDEX('تشخيص الحالات'!$D$2:$D$1001,SUMPRODUCT(('تشخيص الحالات'!$B$2:$B$1001=B211)*('تشخيص الحالات'!$G$2:$G$1001=1)*ROW('تشخيص الحالات'!$B$2:$B$1001))-1),"")&IF(SUMPRODUCT(('تشخيص الحالات'!$B$2:$B$1001=B211)*('تشخيص الحالات'!$G$2:$G$1001=2))>0,"، "&IFERROR(INDEX('تشخيص الحالات'!$D$2:$D$1001,SUMPRODUCT(('تشخيص الحالات'!$B$2:$B$1001=B211)*('تشخيص الحالات'!$G$2:$G$1001=2)*ROW('تشخيص الحالات'!$B$2:$B$1001))-1),""),"")&IF(SUMPRODUCT(('تشخيص الحالات'!$B$2:$B$1001=B211)*('تشخيص الحالات'!$G$2:$G$1001=3))>0,"، "&IFERROR(INDEX('تشخيص الحالات'!$D$2:$D$1001,SUMPRODUCT(('تشخيص الحالات'!$B$2:$B$1001=B211)*('تشخيص الحالات'!$G$2:$G$1001=3)*ROW('تشخيص الحالات'!$B$2:$B$1001))-1),""),"")&IF(SUMPRODUCT(('تشخيص الحالات'!$B$2:$B$1001=B211)*('تشخيص الحالات'!$G$2:$G$1001=4))>0,"، "&IFERROR(INDEX('تشخيص الحالات'!$D$2:$D$1001,SUMPRODUCT(('تشخيص الحالات'!$B$2:$B$1001=B211)*('تشخيص الحالات'!$G$2:$G$1001=4)*ROW('تشخيص الحالات'!$B$2:$B$1001))-1),""),"")&IF(SUMPRODUCT(('تشخيص الحالات'!$B$2:$B$1001=B211)*('تشخيص الحالات'!$G$2:$G$1001=5))>0,"، "&IFERROR(INDEX('تشخيص الحالات'!$D$2:$D$1001,SUMPRODUCT(('تشخيص الحالات'!$B$2:$B$1001=B211)*('تشخيص الحالات'!$G$2:$G$1001=5)*ROW('تشخيص الحالات'!$B$2:$B$1001))-1),""),"")&IF(SUMPRODUCT(('تشخيص الحالات'!$B$2:$B$1001=B211)*('تشخيص الحالات'!$G$2:$G$1001=6))>0,"، "&IFERROR(INDEX('تشخيص الحالات'!$D$2:$D$1001,SUMPRODUCT(('تشخيص الحالات'!$B$2:$B$1001=B211)*('تشخيص الحالات'!$G$2:$G$1001=6)*ROW('تشخيص الحالات'!$B$2:$B$1001))-1),""),"")&IF(SUMPRODUCT(('تشخيص الحالات'!$B$2:$B$1001=B211)*('تشخيص الحالات'!$G$2:$G$1001=7))>0,"، "&IFERROR(INDEX('تشخيص الحالات'!$D$2:$D$1001,SUMPRODUCT(('تشخيص الحالات'!$B$2:$B$1001=B211)*('تشخيص الحالات'!$G$2:$G$1001=7)*ROW('تشخيص الحالات'!$B$2:$B$1001))-1),""),"")&IF(SUMPRODUCT(('تشخيص الحالات'!$B$2:$B$1001=B211)*('تشخيص الحالات'!$G$2:$G$1001=8))>0,"، "&IFERROR(INDEX('تشخيص الحالات'!$D$2:$D$1001,SUMPRODUCT(('تشخيص الحالات'!$B$2:$B$1001=B211)*('تشخيص الحالات'!$G$2:$G$1001=8)*ROW('تشخيص الحالات'!$B$2:$B$1001))-1),""),"")
I212: =IFERROR(INDEX('تشخيص الحالات'!$D$2:$D$1001,SUMPRODUCT(('تشخيص الحالات'!$B$2:$B$1001=B212)*('تشخيص الحالات'!$G$2:$G$1001=1)*ROW('تشخيص الحالات'!$B$2:$B$1001))-1),"")&IF(SUMPRODUCT(('تشخيص الحالات'!$B$2:$B$1001=B212)*('تشخيص الحالات'!$G$2:$G$1001=2))>0,"، "&IFERROR(INDEX('تشخيص الحالات'!$D$2:$D$1001,SUMPRODUCT(('تشخيص الحالات'!$B$2:$B$1001=B212)*('تشخيص الحالات'!$G$2:$G$1001=2)*ROW('تشخيص الحالات'!$B$2:$B$1001))-1),""),"")&IF(SUMPRODUCT(('تشخيص الحالات'!$B$2:$B$1001=B212)*('تشخيص الحالات'!$G$2:$G$1001=3))>0,"، "&IFERROR(INDEX('تشخيص الحالات'!$D$2:$D$1001,SUMPRODUCT(('تشخيص الحالات'!$B$2:$B$1001=B212)*('تشخيص الحالات'!$G$2:$G$1001=3)*ROW('تشخيص الحالات'!$B$2:$B$1001))-1),""),"")&IF(SUMPRODUCT(('تشخيص الحالات'!$B$2:$B$1001=B212)*('تشخيص الحالات'!$G$2:$G$1001=4))>0,"، "&IFERROR(INDEX('تشخيص الحالات'!$D$2:$D$1001,SUMPRODUCT(('تشخيص الحالات'!$B$2:$B$1001=B212)*('تشخيص الحالات'!$G$2:$G$1001=4)*ROW('تشخيص الحالات'!$B$2:$B$1001))-1),""),"")&IF(SUMPRODUCT(('تشخيص الحالات'!$B$2:$B$1001=B212)*('تشخيص الحالات'!$G$2:$G$1001=5))>0,"، "&IFERROR(INDEX('تشخيص الحالات'!$D$2:$D$1001,SUMPRODUCT(('تشخيص الحالات'!$B$2:$B$1001=B212)*('تشخيص الحالات'!$G$2:$G$1001=5)*ROW('تشخيص الحالات'!$B$2:$B$1001))-1),""),"")&IF(SUMPRODUCT(('تشخيص الحالات'!$B$2:$B$1001=B212)*('تشخيص الحالات'!$G$2:$G$1001=6))>0,"، "&IFERROR(INDEX('تشخيص الحالات'!$D$2:$D$1001,SUMPRODUCT(('تشخيص الحالات'!$B$2:$B$1001=B212)*('تشخيص الحالات'!$G$2:$G$1001=6)*ROW('تشخيص الحالات'!$B$2:$B$1001))-1),""),"")&IF(SUMPRODUCT(('تشخيص الحالات'!$B$2:$B$1001=B212)*('تشخيص الحالات'!$G$2:$G$1001=7))>0,"، "&IFERROR(INDEX('تشخيص الحالات'!$D$2:$D$1001,SUMPRODUCT(('تشخيص الحالات'!$B$2:$B$1001=B212)*('تشخيص الحالات'!$G$2:$G$1001=7)*ROW('تشخيص الحالات'!$B$2:$B$1001))-1),""),"")&IF(SUMPRODUCT(('تشخيص الحالات'!$B$2:$B$1001=B212)*('تشخيص الحالات'!$G$2:$G$1001=8))>0,"، "&IFERROR(INDEX('تشخيص الحالات'!$D$2:$D$1001,SUMPRODUCT(('تشخيص الحالات'!$B$2:$B$1001=B212)*('تشخيص الحالات'!$G$2:$G$1001=8)*ROW('تشخيص الحالات'!$B$2:$B$1001))-1),""),"")
I213: =IFERROR(INDEX('تشخيص الحالات'!$D$2:$D$1001,SUMPRODUCT(('تشخيص الحالات'!$B$2:$B$1001=B213)*('تشخيص الحالات'!$G$2:$G$1001=1)*ROW('تشخيص الحالات'!$B$2:$B$1001))-1),"")&IF(SUMPRODUCT(('تشخيص الحالات'!$B$2:$B$1001=B213)*('تشخيص الحالات'!$G$2:$G$1001=2))>0,"، "&IFERROR(INDEX('تشخيص الحالات'!$D$2:$D$1001,SUMPRODUCT(('تشخيص الحالات'!$B$2:$B$1001=B213)*('تشخيص الحالات'!$G$2:$G$1001=2)*ROW('تشخيص الحالات'!$B$2:$B$1001))-1),""),"")&IF(SUMPRODUCT(('تشخيص الحالات'!$B$2:$B$1001=B213)*('تشخيص الحالات'!$G$2:$G$1001=3))>0,"، "&IFERROR(INDEX('تشخيص الحالات'!$D$2:$D$1001,SUMPRODUCT(('تشخيص الحالات'!$B$2:$B$1001=B213)*('تشخيص الحالات'!$G$2:$G$1001=3)*ROW('تشخيص الحالات'!$B$2:$B$1001))-1),""),"")&IF(SUMPRODUCT(('تشخيص الحالات'!$B$2:$B$1001=B213)*('تشخيص الحالات'!$G$2:$G$1001=4))>0,"، "&IFERROR(INDEX('تشخيص الحالات'!$D$2:$D$1001,SUMPRODUCT(('تشخيص الحالات'!$B$2:$B$1001=B213)*('تشخيص الحالات'!$G$2:$G$1001=4)*ROW('تشخيص الحالات'!$B$2:$B$1001))-1),""),"")&IF(SUMPRODUCT(('تشخيص الحالات'!$B$2:$B$1001=B213)*('تشخيص الحالات'!$G$2:$G$1001=5))>0,"، "&IFERROR(INDEX('تشخيص الحالات'!$D$2:$D$1001,SUMPRODUCT(('تشخيص الحالات'!$B$2:$B$1001=B213)*('تشخيص الحالات'!$G$2:$G$1001=5)*ROW('تشخيص الحالات'!$B$2:$B$1001))-1),""),"")&IF(SUMPRODUCT(('تشخيص الحالات'!$B$2:$B$1001=B213)*('تشخيص الحالات'!$G$2:$G$1001=6))>0,"، "&IFERROR(INDEX('تشخيص الحالات'!$D$2:$D$1001,SUMPRODUCT(('تشخيص الحالات'!$B$2:$B$1001=B213)*('تشخيص الحالات'!$G$2:$G$1001=6)*ROW('تشخيص الحالات'!$B$2:$B$1001))-1),""),"")&IF(SUMPRODUCT(('تشخيص الحالات'!$B$2:$B$1001=B213)*('تشخيص الحالات'!$G$2:$G$1001=7))>0,"، "&IFERROR(INDEX('تشخيص الحالات'!$D$2:$D$1001,SUMPRODUCT(('تشخيص الحالات'!$B$2:$B$1001=B213)*('تشخيص الحالات'!$G$2:$G$1001=7)*ROW('تشخيص الحالات'!$B$2:$B$1001))-1),""),"")&IF(SUMPRODUCT(('تشخيص الحالات'!$B$2:$B$1001=B213)*('تشخيص الحالات'!$G$2:$G$1001=8))>0,"، "&IFERROR(INDEX('تشخيص الحالات'!$D$2:$D$1001,SUMPRODUCT(('تشخيص الحالات'!$B$2:$B$1001=B213)*('تشخيص الحالات'!$G$2:$G$1001=8)*ROW('تشخيص الحالات'!$B$2:$B$1001))-1),""),"")
... I1001: =IFERROR(INDEX('تشخيص الحالات'!$D$2:$D$1001,SUMPRODUCT(('تشخيص الحالات'!$B$2:$B$1001=B1001)*('تشخيص الحالات'!$G$2:$G$1001=1)*ROW('تشخيص الحالات'!$B$2:$B$1001))-1),"")&IF(SUMPRODUCT(('تشخيص الحالات'!$B$2:$B$1001=B1001)*('تشخيص الحالات'!$G$2:$G$1001=2))>0,"، "&IFERROR(INDEX('تشخيص الحالات'!$D$2:$D$1001,SUMPRODUCT(('تشخيص الحالات'!$B$2:$B$1001=B1001)*('تشخيص الحالات'!$G$2:$G$1001=2)*ROW('تشخيص الحالات'!$B$2:$B$1001))-1),""),"")&IF(SUMPRODUCT(('تشخيص الحالات'!$B$2:$B$1001=B1001)*('تشخيص الحالات'!$G$2:$G$1001=3))>0,"، "&IFERROR(INDEX('تشخيص الحالات'!$D$2:$D$1001,SUMPRODUCT(('تشخيص الحالات'!$B$2:$B$1001=B1001)*('تشخيص الحالات'!$G$2:$G$1001=3)*ROW('تشخيص الحالات'!$B$2:$B$1001))-1),""),"")&IF(SUMPRODUCT(('تشخيص الحالات'!$B$2:$B$1001=B1001)*('تشخيص الحالات'!$G$2:$G$1001=4))>0,"، "&IFERROR(INDEX('تشخيص الحالات'!$D$2:$D$1001,SUMPRODUCT(('تشخيص الحالات'!$B$2:$B$1001=B1001)*('تشخيص الحالات'!$G$2:$G$1001=4)*ROW('تشخيص الحالات'!$B$2:$B$1001))-1),""),"")&IF(SUMPRODUCT(('تشخيص الحالات'!$B$2:$B$1001=B1001)*('تشخيص الحالات'!$G$2:$G$1001=5))>0,"، "&IFERROR(INDEX('تشخيص الحالات'!$D$2:$D$1001,SUMPRODUCT(('تشخيص الحالات'!$B$2:$B$1001=B1001)*('تشخيص الحالات'!$G$2:$G$1001=5)*ROW('تشخيص الحالات'!$B$2:$B$1001))-1),""),"")&IF(SUMPRODUCT(('تشخيص الحالات'!$B$2:$B$1001=B1001)*('تشخيص الحالات'!$G$2:$G$1001=6))>0,"، "&IFERROR(INDEX('تشخيص الحالات'!$D$2:$D$1001,SUMPRODUCT(('تشخيص الحالات'!$B$2:$B$1001=B1001)*('تشخيص الحالات'!$G$2:$G$1001=6)*ROW('تشخيص الحالات'!$B$2:$B$1001))-1),""),"")&IF(SUMPRODUCT(('تشخيص الحالات'!$B$2:$B$1001=B1001)*('تشخيص الحالات'!$G$2:$G$1001=7))>0,"، "&IFERROR(INDEX('تشخيص الحالات'!$D$2:$D$1001,SUMPRODUCT(('تشخيص الحالات'!$B$2:$B$1001=B1001)*('تشخيص الحالات'!$G$2:$G$1001=7)*ROW('تشخيص الحالات'!$B$2:$B$1001))-1),""),"")&IF(SUMPRODUCT(('تشخيص الحالات'!$B$2:$B$1001=B1001)*('تشخيص الحالات'!$G$2:$G$1001=8))>0,"، "&IFERROR(INDEX('تشخيص الحالات'!$D$2:$D$1001,SUMPRODUCT(('تشخيص الحالات'!$B$2:$B$1001=B1001)*('تشخيص الحالات'!$G$2:$G$1001=8)*ROW('تشخيص الحالات'!$B$2:$B$1001))-1),""),"")

Sheet تشخيص الحالات
A1: م | B1: هوية المستفيد | C1: الاسم | D1: التشخيص | E1: مستوى الحالة | F1: المركز/ المدرسة | G1: تسلسل
A2: 1 | B2: 1025469854 | C2: =IFERROR(IF(B2="","",VLOOKUP(B2,المستفيدين!$B:$C,2,FALSE)),"") -> مستفيد1 | D2: اضطراب تواصل اجتماعي | E2: شديد | F2: =IFERROR(IF(B2="","",VLOOKUP(B2,المستفيدين!$B:$F,5,FALSE)),"") -> مركز إرادة وتمكين للرعاية النهارية (القدس) | G2: =COUNTIF($B$2:B2,B2) -> 1
A3: 2 | B3: 1025469854 | C3: =IFERROR(IF(B3="","",VLOOKUP(B3,المستفيدين!$B:$C,2,FALSE)),"") -> مستفيد1 | D3: شلل دماغي | E3: شديد | F3: =IFERROR(IF(B3="","",VLOOKUP(B3,المستفيدين!$B:$F,5,FALSE)),"") -> مركز إرادة وتمكين للرعاية النهارية (القدس) | G3: =COUNTIF($B$2:B3,B3) -> 2
A4: 3 | B4: 1065397512 | C4: =IFERROR(IF(B4="","",VLOOKUP(B4,المستفيدين!$B:$C,2,FALSE)),"") -> مستفيد2 | D4: اضطراب نفسي | E4: خفيف | F4: =IFERROR(IF(B4="","",VLOOKUP(B4,المستفيدين!$B:$F,5,FALSE)),"") -> مدرسة إرادة وتمكين لمتلازمة داون (نجد) | G4: =COUNTIF($B$2:B4,B4) -> 1
A5: 4 | B5: 1065397512 | C5: =IFERROR(IF(B5="","",VLOOKUP(B5,المستفيدين!$B:$C,2,FALSE)),"") -> مستفيد2 | D5: إعاقة ذهنية | E5: متوسط | F5: =IFERROR(IF(B5="","",VLOOKUP(B5,المستفيدين!$B:$F,5,FALSE)),"") -> مدرسة إرادة وتمكين لمتلازمة داون (نجد) | G5: =COUNTIF($B$2:B5,B5) -> 2
A6: 5 | B6: 1069735216 | C6: =IFERROR(IF(B6="","",VLOOKUP(B6,المستفيدين!$B:$C,2,FALSE)),"") -> مستفيد3 | D6: متلازمة داون | E6: شديد | F6: =IFERROR(IF(B6="","",VLOOKUP(B6,المستفيدين!$B:$F,5,FALSE)),"") -> مركز إرادة وتمكين للرعاية النهارية (القدس) | G6: =COUNTIF($B$2:B6,B6) -> 1
A7: 6 | B7: 1069735216 | C7: =IFERROR(IF(B7="","",VLOOKUP(B7,المستفيدين!$B:$C,2,FALSE)),"") -> مستفيد3 | D7: فرط الحركة وتشتت الانتباه | E7: خفيف | F7: =IFERROR(IF(B7="","",VLOOKUP(B7,المستفيدين!$B:$F,5,FALSE)),"") -> مركز إرادة وتمكين للرعاية النهارية (القدس) | G7: =COUNTIF($B$2:B7,B7) -> 2
A8: 7 | B8: 1096348523 | C8: =IFERROR(IF(B8="","",VLOOKUP(B8,المستفيدين!$B:$C,2,FALSE)),"") -> مستفيد4 | D8: متلازمة داون | E8: متوسط | F8: =IFERROR(IF(B8="","",VLOOKUP(B8,المستفيدين!$B:$F,5,FALSE)),"") -> مدرسة إرادة للتعليم (مكة) | G8: =COUNTIF($B$2:B8,B8) -> 1
A9: 8 | B9: 1096348523 | C9: =IFERROR(IF(B9="","",VLOOKUP(B9,المستفيدين!$B:$C,2,FALSE)),"") -> مستفيد4 | D9: اضطرابات سلوكية | E9: متوسط | F9: =IFERROR(IF(B9="","",VLOOKUP(B9,المستفيدين!$B:$F,5,FALSE)),"") -> مدرسة إرادة للتعليم (مكة) | G9: =COUNTIF($B$2:B9,B9) -> 2
A10: 9 | B10: 1096348523 | C10: =IFERROR(IF(B10="","",VLOOKUP(B10,المستفيدين!$B:$C,2,FALSE)),"") -> مستفيد4 | D10: إعاقة ذهنية | E10: متوسط | F10: =IFERROR(IF(B10="","",VLOOKUP(B10,المستفيدين!$B:$F,5,FALSE)),"") -> مدرسة إرادة للتعليم (مكة) | G10: =COUNTIF($B$2:B10,B10) -> 3
A11: 10 | B11: 1124422216 | C11: =IFERROR(IF(B11="","",VLOOKUP(B11,المستفيدين!$B:$C,2,FALSE)),"") -> مستفيد5 | D11: مشكلات أسرية / اجتماعية | E11: خفيف | F11: =IFERROR(IF(B11="","",VLOOKUP(B11,المستفيدين!$B:$F,5,FALSE)),"") -> مركز إرادة وتمكين لمتلازمة داون (نجد) | G11: =COUNTIF($B$2:B11,B11) -> 1
A12: 11 | B12: 1124422216 | C12: =IFERROR(IF(B12="","",VLOOKUP(B12,المستفيدين!$B:$C,2,FALSE)),"") -> مستفيد5 | D12: صعوبات تعلم | E12: خفيف | F12: =IFERROR(IF(B12="","",VLOOKUP(B12,المستفيدين!$B:$F,5,FALSE)),"") -> مركز إرادة وتمكين لمتلازمة داون (نجد) | G12: =COUNTIF($B$2:B12,B12) -> 2
A13: 12 | B13: 1124422216 | C13: =IFERROR(IF(B13="","",VLOOKUP(B13,المستفيدين!$B:$C,2,FALSE)),"") -> مستفيد5 | D13: إعاقة بصرية | E13: شديد | F13: =IFERROR(IF(B13="","",VLOOKUP(B13,المستفيدين!$B:$F,5,FALSE)),"") -> مركز إرادة وتمكين لمتلازمة داون (نجد) | G13: =COUNTIF($B$2:B13,B13) -> 3
... A493: 492 | B493: 1358470403 | C493: =IFERROR(IF(B493="","",VLOOKUP(B493,المستفيدين!$B:$C,2,FALSE)),"") -> مستفيد200 | D493: إعاقة سمعية | E493: متوسط | F493: =IFERROR(IF(B493="","",VLOOKUP(B493,المستفيدين!$B:$F,5,FALSE)),"") -> مركز إرادة وتمكين للرعاية النهارية (القدس) | G493: =COUNTIF($B$2:B493,B493) -> 4
C494: =IFERROR(IF(B494="","",VLOOKUP(B494,المستفيدين!$B:$C,2,FALSE)),"") | E494: متوسط | G494: =COUNTIF($B$2:B494,B494) -> 0
C495: =IFERROR(IF(B495="","",VLOOKUP(B495,المستفيدين!$B:$C,2,FALSE)),"") | G495: =COUNTIF($B$2:B495,B495) -> 0
C496: =IFERROR(IF(B496="","",VLOOKUP(B496,المستفيدين!$B:$C,2,FALSE)),"") | G496: =COUNTIF($B$2:B496,B496) -> 0
C497: =IFERROR(IF(B497="","",VLOOKUP(B497,المستفيدين!$B:$C,2,FALSE)),"") | G497: =COUNTIF($B$2:B497,B497) -> 0
C498: =IFERROR(IF(B498="","",VLOOKUP(B498,المستفيدين!$B:$C,2,FALSE)),"") | G498: =COUNTIF($B$2:B498,B498) -> 0
C499: =IFERROR(IF(B499="","",VLOOKUP(B499,المستفيدين!$B:$C,2,FALSE)),"") | G499: =COUNTIF($B$2:B499,B499) -> 0
C500: =IFERROR(IF(B500="","",VLOOKUP(B500,المستفيدين!$B:$C,2,FALSE)),"") | G500: =COUNTIF($B$2:B500,B500) -> 0
C501: =IFERROR(IF(B501="","",VLOOKUP(B501,المستفيدين!$B:$C,2,FALSE)),"") | G501: =COUNTIF($B$2:B501,B501) -> 0
C502: =IFERROR(IF(B502="","",VLOOKUP(B502,المستفيدين!$B:$C,2,FALSE)),"") | G502: =COUNTIF($B$2:B502,B502) -> 0
C503: =IFERROR(IF(B503="","",VLOOKUP(B503,المستفيدين!$B:$C,2,FALSE)),"") | G503: =COUNTIF($B$2:B503,B503) -> 0
C504: =IFERROR(IF(B504="","",VLOOKUP(B504,المستفيدين!$B:$C,2,FALSE)),"") | G504: =COUNTIF($B$2:B504,B504) -> 0
C505: =IFERROR(IF(B505="","",VLOOKUP(B505,المستفيدين!$B:$C,2,FALSE)),"") | G505: =COUNTIF($B$2:B505,B505) -> 0
C506: =IFERROR(IF(B506="","",VLOOKUP(B506,المستفيدين!$B:$C,2,FALSE)),"") | G506: =COUNTIF($B$2:B506,B506) -> 0
... C1001: =IFERROR(IF(B1001="","",VLOOKUP(B1001,المستفيدين!$B:$C,2,FALSE)),"") | G1001: =COUNTIF($B$2:B1001,B1001) -> 0

Sheet الجلسات
A1: م | B1: التاريخ | C1: هوية المستفيد | D1: اسم المستفيد | E1: الرقم الوظيفي | F1: الموظف | G1: المركز / المدرسة | H1: نوع الخدمة | I1: الخدمة | J1: الفترة | K1: الحالة | L1: ملاحظات
A2: 1 | B2: 45444 | C2: 1519714037 | D2: =IFERROR(IF(C2="","",VLOOKUP(C2,المستفيدين!$B:$C,2,FALSE)),"") -> مستفيد74 | E2: E058 | F2: =IFERROR(IF(E2="","",VLOOKUP(E2,الموظفين!$B:$C,2,FALSE)),"") -> موظف58 | G2: =IFERROR(IF(C2="","",VLOOKUP(C2,المستفيدين!$B:$F,5,FALSE)),"") -> مركز إرادة وتمكين لرعاية ذوي الاحتياجات الخاصة (جلمودة) | H2: خدمة | I2: الإرشاد الأسري | J2: صباحي | K2: تمت
A3: 2 | B3: 45445 | C3: 1762847665 | D3: =IFERROR(IF(C3="","",VLOOKUP(C3,المستفيدين!$B:$C,2,FALSE)),"") -> مستفيد138 | E3: E044 | F3: =IFERROR(IF(E3="","",VLOOKUP(E3,الموظفين!$B:$C,2,FALSE)),"") -> موظف44 | G3: =IFERROR(IF(C3="","",VLOOKUP(C3,المستفيدين!$B:$F,5,FALSE)),"") -> مدرسة إرادة وتمكين لمتلازمة داون (نجد) | H3: جلسة | I3: التربية الخاصة | J3: صباحي | K3: تمت | L3: غياب بدون عذر
A4: 3 | B4: 45445 | C4: 1392511676 | D4: =IFERROR(IF(C4="","",VLOOKUP(C4,المستفيدين!$B:$C,2,FALSE)),"") -> مستفيد179 | E4: E026 | F4: =IFERROR(IF(E4="","",VLOOKUP(E4,الموظفين!$B:$C,2,FALSE)),"") -> موظف26 | G4: =IFERROR(IF(C4="","",VLOOKUP(C4,المستفيدين!$B:$F,5,FALSE)),"") -> مركز إرادة وتمكين للرعاية النهارية (القدس) | H4: خدمة | I4: الخدمة الاجتماعية | J4: مسائي | K4: ملغاة | L4: تحسن ملحوظ
A5: 4 | B5: 45449 | C5: 1253511077 | D5: =IFERROR(IF(C5="","",VLOOKUP(C5,المستفيدين!$B:$C,2,FALSE)),"") -> مستفيد64 | E5: E043 | F5: =IFERROR(IF(E5="","",VLOOKUP(E5,الموظفين!$B:$C,2,FALSE)),"") -> موظف43 | G5: =IFERROR(IF(C5="","",VLOOKUP(C5,المستفيدين!$B:$F,5,FALSE)),"") -> مدرسة إرادة للتعليم (مكة) | H5: جلسة | I5: العلاج الطبيعي | J5: صباحي | K5: مؤجلة | L5: تحسن ملحوظ
A6: 5 | B6: 45449 | C6: 1369869858 | D6: =IFERROR(IF(C6="","",VLOOKUP(C6,المستفيدين!$B:$C,2,FALSE)),"") -> مستفيد55 | E6: E083 | F6: =IFERROR(IF(E6="","",VLOOKUP(E6,الموظفين!$B:$C,2,FALSE)),"") -> موظف83 | G6: =IFERROR(IF(C6="","",VLOOKUP(C6,المستفيدين!$B:$F,5,FALSE)),"") -> مدرسة إرادة للتعليم (مكة) | H6: جلسة | I6: العلاج الوظيفي | J6: صباحي | K6: تمت | L6: تفاعل ممتاز
A7: 6 | B7: 45450 | C7: 1265180355 | D7: =IFERROR(IF(C7="","",VLOOKUP(C7,المستفيدين!$B:$C,2,FALSE)),"") -> مستفيد157 | E7: E089 | F7: =IFERROR(IF(E7="","",VLOOKUP(E7,الموظفين!$B:$C,2,FALSE)),"") -> موظف89 | G7: =IFERROR(IF(C7="","",VLOOKUP(C7,المستفيدين!$B:$F,5,FALSE)),"") -> مدرسة إرادة للتعليم (مكة) | H7: جلسة | I7: العلاج الوظيفي | J7: مسائي | K7: مؤجلة
A8: 7 | B8: 45451 | C8: 1374392968 | D8: =IFERROR(IF(C8="","",VLOOKUP(C8,المستفيدين!$B:$C,2,FALSE)),"") -> مستفيد190 | E8: E087 | F8: =IFERROR(IF(E8="","",VLOOKUP(E8,الموظفين!$B:$C,2,FALSE)),"") -> موظف87 | G8: =IFERROR(IF(C8="","",VLOOKUP(C8,المستفيدين!$B:$F,5,FALSE)),"") -> مدرسة إرادة وتمكين لمتلازمة داون (نجد) | H8: خدمة | I8: الإرشاد الأسري | J8: صباحي | K8: تمت
A9: 8 | B9: 45452 | C9: 1222363290 | D9: =IFERROR(IF(C9="","",VLOOKUP(C9,المستفيدين!$B:$C,2,FALSE)),"") -> مستفيد125 | E9: E082 | F9: =IFERROR(IF(E9="","",VLOOKUP(E9,الموظفين!$B:$C,2,FALSE)),"") -> موظف82 | G9: =IFERROR(IF(C9="","",VLOOKUP(C9,المستفيدين!$B:$F,5,FALSE)),"") -> مركز إرادة وتمكين لرعاية ذوي الاحتياجات الخاصة (جلمودة) | H9: جلسة | I9: التأهيل النفسي الحركي | J9: صباحي | K9: ملغاة
A10: 9 | B10: 45452 | C10: 1976051713 | D10: =IFERROR(IF(C10="","",VLOOKUP(C10,المستفيدين!$B:$C,2,FALSE)),"") -> مستفيد118 | E10: E057 | F10: =IFERROR(IF(E10="","",VLOOKUP(E10,الموظفين!$B:$C,2,FALSE)),"") -> موظف57 | G10: =IFERROR(IF(C10="","",VLOOKUP(C10,المستفيدين!$B:$F,5,FALSE)),"") -> مدرسة إرادة وتمكين لمتلازمة داون (نجد) | H10: جلسة | I10: التربية الخاصة | J10: مسائي | K10: تمت
A11: 10 | B11: 45456 | C11: 1009443870 | D11: =IFERROR(IF(C11="","",VLOOKUP(C11,المستفيدين!$B:$C,2,FALSE)),"") -> مستفيد42 | E11: E002 | F11: =IFERROR(IF(E11="","",VLOOKUP(E11,الموظفين!$B:$C,2,FALSE)),"") -> موظف2 | G11: =IFERROR(IF(C11="","",VLOOKUP(C11,المستفيدين!$B:$F,5,FALSE)),"") -> مركز إرادة وتمكين لمتلازمة داون (نجد) | H11: جلسة | I11: النطق والتواصل | J11: صباحي | K11: تمت | L11: تأخر الحضور
A12: 11 | B12: 45457 | C12: 1905329493 | D12: =IFERROR(IF(C12="","",VLOOKUP(C12,المستفيدين!$B:$C,2,FALSE)),"") -> مستفيد155 | E12: E087 | F12: =IFERROR(IF(E12="","",VLOOKUP(E12,الموظفين!$B:$C,2,FALSE)),"") -> موظف87 | G12: =IFERROR(IF(C12="","",VLOOKUP(C12,المستفيدين!$B:$F,5,FALSE)),"") -> مركز إرادة وتمكين للرعاية النهارية (القدس) | H12: خدمة | I12: الإرشاد الأسري | J12: صباحي | K12: تمت | L12: غياب بدون عذر
A13: 12 | B13: 45461 | C13: 1313917845 | D13: =IFERROR(IF(C13="","",VLOOKUP(C13,المستفيدين!$B:$C,2,FALSE)),"") -> مستفيد51 | E13: E062 | F13: =IFERROR(IF(E13="","",VLOOKUP(E13,الموظفين!$B:$C,2,FALSE)),"") -> موظف62 | G13: =IFERROR(IF(C13="","",VLOOKUP(C13,المستفيدين!$B:$F,5,FALSE)),"") -> مركز إرادة وتمكين للرعاية النهارية (القدس) | H13: جلسة | I13: التأهيل النفسي | J13: صباحي | K13: تمت | L13: تحسن ملحوظ
A14: 13 | B14: 45462 | C14: 1284752099 | D14: =IFERROR(IF(C14="","",VLOOKUP(C14,المستفيدين!$B:$C,2,FALSE)),"") -> مستفيد19 | E14: E095 | F14: =IFERROR(IF(E14="","",VLOOKUP(E14,الموظفين!$B:$C,2,FALSE)),"") -> موظف95 | G14: =IFERROR(IF(C14="","",VLOOKUP(C14,المستفيدين!$B:$F,5,FALSE)),"") -> مركز إرادة وتمكين لمتلازمة داون (نجد) | H14: جلسة | I14: العلاج الطبيعي | J14: صباحي | K14: تمت | L14: يحتاج متابعة
A15: 14 | B15: 45463 | C15: 1762847665 | D15: =IFERROR(IF(C15="","",VLOOKUP(C15,المستفيدين!$B:$C,2,FALSE)),"") -> مستفيد138 | E15: E010 | F15: =IFERROR(IF(E15="","",VLOOKUP(E15,الموظفين!$B:$C,2,FALSE)),"") -> موظف10 | G15: =IFERROR(IF(C15="","",VLOOKUP(C15,المستفيدين!$B:$F,5,FALSE)),"") -> مدرسة إرادة وتمكين لمتلازمة داون (نجد) | H15: جلسة | I15: العلاج الطبيعي | J15: صباحي | K15: لم تتم | L15: تفاعل ممتاز
A16: 15 | B16: 45463 | C16: 1668099269 | D16: =IFERROR(IF(C16="","",VLOOKUP(C16,المستفيدين!$B:$C,2,FALSE)),"") -> مستفيد20 | E16: E030 | F16: =IFERROR(IF(E16="","",VLOOKUP(E16,الموظفين!$B:$C,2,FALSE)),"") -> موظف30 | G16: =IFERROR(IF(C16="","",VLOOKUP(C16,المستفيدين!$B:$F,5,FALSE)),"") -> مركز إرادة وتمكين لرعاية ذوي الاحتياجات الخاصة (جلمودة) | H16: جلسة | I16: العلاج الوظيفي | J16: صباحي | K16: تمت | L16: تأخر الحضور
A17: 16 | B17: 45470 | C17: 1149256102 | D17: =IFERROR(IF(C17="","",VLOOKUP(C17,المستفيدين!$B:$C,2,FALSE)),"") -> مستفيد76 | E17: E068 | F17: =IFERROR(IF(E17="","",VLOOKUP(E17,الموظفين!$B:$C,2,FALSE)),"") -> موظف68 | G17: =IFERROR(IF(C17="","",VLOOKUP(C17,المستفيدين!$B:$F,5,FALSE)),"") -> مدرسة إرادة وتمكين لمتلازمة داون (نجد) | H17: خدمة | I17: الإرشاد الأسري | J17: صباحي | K17: تمت | L17: غياب بدون عذر
A18: 17 | B18: 45471 | C18: 1228837751 | D18: =IFERROR(IF(C18="","",VLOOKUP(C18,المستفيدين!$B:$C,2,FALSE)),"") -> مستفيد58 | E18: E023 | F18: =IFERROR(IF(E18="","",VLOOKUP(E18,الموظفين!$B:$C,2,FALSE)),"") -> موظف23 | G18: =IFERROR(IF(C18="","",VLOOKUP(C18,المستفيدين!$B:$F,5,FALSE)),"") -> مدرسة إرادة وتمكين لمتلازمة داون (نجد) | H18: جلسة | I18: التأهيل النفسي الحركي | J18: مسائي | K18: تمت | L18: تأخر الحضور
A19: 18 | B19: 45471 | C19: 1814840095 | D19: =IFERROR(IF(C19="","",VLOOKUP(C19,المستفيدين!$B:$C,2,FALSE)),"") -> مستفيد25 | E19: E061 | F19: =IFERROR(IF(E19="","",VLOOKUP(E19,الموظفين!$B:$C,2,FALSE)),"") -> موظف61 | G19: =IFERROR(IF(C19="","",VLOOKUP(C19,المستفيدين!$B:$F,5,FALSE)),"") -> مركز إرادة وتمكين للرعاية النهارية (القدس) | H19: جلسة | I19: العلاج الطبيعي | J19: صباحي | K19: تمت
A20: 19 | B20: 45472 | C20: 1511480692 | D20: =IFERROR(IF(C20="","",VLOOKUP(C20,المستفيدين!$B:$C,2,FALSE)),"") -> مستفيد37 | E20: E026 | F20: =IFERROR(IF(E20="","",VLOOKUP(E20,الموظفين!$B:$C,2,FALSE)),"") -> موظف26 | G20: =IFERROR(IF(C20="","",VLOOKUP(C20,المستفيدين!$B:$F,5,FALSE)),"") -> مدرسة إرادة وتمكين لمتلازمة داون (نجد) | H20: خدمة | I20: الخدمة الاجتماعية | J20: مسائي | K20: تمت | L20: غياب بدون عذر
A21: 20 | B21: 45477 | C21: 1379794895 | D21: =IFERROR(IF(C21="","",VLOOKUP(C21,المستفيدين!$B:$C,2,FALSE)),"") -> مستفيد78 | E21: E058 | F21: =IFERROR(IF(E21="","",VLOOKUP(E21,الموظفين!$B:$C,2,FALSE)),"") -> موظف58 | G21: =IFERROR(IF(C21="","",VLOOKUP(C21,المستفيدين!$B:$F,5,FALSE)),"") -> مركز إرادة وتمكين للرعاية النهارية (القدس) | H21: خدمة | I21: الإرشاد الأسري | J21: صباحي | K21: لم تتم
A22: 21 | B22: 45478 | C22: 1113590304 | D22: =IFERROR(IF(C22="","",VLOOKUP(C22,المستفيدين!$B:$C,2,FALSE)),"") -> مستفيد186 | E22: E055 | F22: =IFERROR(IF(E22="","",VLOOKUP(E22,الموظفين!$B:$C,2,FALSE)),"") -> موظف55 | G22: =IFERROR(IF(C22="","",VLOOKUP(C22,المستفيدين!$B:$F,5,FALSE)),"") -> مركز إرادة وتمكين لمتلازمة داون (نجد) | H22: جلسة | I22: العلاج الوظيفي | J22: مسائي | K22: تمت
A23: 22 | B23: 45479 | C23: 1532697741 | D23: =IFERROR(IF(C23="","",VLOOKUP(C23,المستفيدين!$B:$C,2,FALSE)),"") -> مستفيد93 | E23: E095 | F23: =IFERROR(IF(E23="","",VLOOKUP(E23,الموظفين!$B:$C,2,FALSE)),"") -> موظف95 | G23: =IFERROR(IF(C23="","",VLOOKUP(C23,المستفيدين!$B:$F,5,FALSE)),"") -> مركز إرادة وتمكين للرعاية النهارية (القدس) | H23: جلسة | I23: العلاج الطبيعي | J23: صباحي | K23: مؤجلة | L23: تأخر الحضور
A24: 23 | B24: 45483 | C24: 1374392968 | D24: =IFERROR(IF(C24="","",VLOOKUP(C24,المستفيدين!$B:$C,2,FALSE)),"") -> مستفيد190 | E24: E100 | F24: =IFERROR(IF(E24="","",VLOOKUP(E24,الموظفين!$B:$C,2,FALSE)),"") -> موظف100 | G24: =IFERROR(IF(C24="","",VLOOKUP(C24,المستفيدين!$B:$F,5,FALSE)),"") -> مدرسة إرادة وتمكين لمتلازمة داون (نجد) | H24: خدمة | I24: التغذية | J24: مسائي | K24: مؤجلة
A25: 24 | B25: 45483 | C25: 1228939605 | D25: =IFERROR(IF(C25="","",VLOOKUP(C25,المستفيدين!$B:$C,2,FALSE)),"") -> مستفيد54 | E25: E010 | F25: =IFERROR(IF(E25="","",VLOOKUP(E25,الموظفين!$B:$C,2,FALSE)),"") -> موظف10 | G25: =IFERROR(IF(C25="","",VLOOKUP(C25,المستفيدين!$B:$F,5,FALSE)),"") -> مدرسة إرادة للتعليم (مكة) | H25: جلسة | I25: العلاج الطبيعي | J25: صباحي | K25: تمت | L25: تأخر الحضور
A26: 25 | B26: 45486 | C26: 1744297633 | D26: =IFERROR(IF(C26="","",VLOOKUP(C26,المستفيدين!$B:$C,2,FALSE)),"") -> مستفيد153 | E26: E081 | F26: =IFERROR(IF(E26="","",VLOOKUP(E26,الموظفين!$B:$C,2,FALSE)),"") -> موظف81 | G26: =IFERROR(IF(C26="","",VLOOKUP(C26,المستفيدين!$B:$F,5,FALSE)),"") -> مدرسة إرادة للتعليم (مكة) | H26: جلسة | I26: العلاج الوظيفي | J26: صباحي | K26: ملغاة | L26: يحتاج متابعة
A27: 26 | B27: 45493 | C27: 1445520895 | D27: =IFERROR(IF(C27="","",VLOOKUP(C27,المستفيدين!$B:$C,2,FALSE)),"") -> مستفيد56 | E27: E059 | F27: =IFERROR(IF(E27="","",VLOOKUP(E27,الموظفين!$B:$C,2,FALSE)),"") -> موظف59 | G27: =IFERROR(IF(C27="","",VLOOKUP(C27,المستفيدين!$B:$F,5,FALSE)),"") -> مركز إرادة وتمكين للرعاية النهارية (القدس) | H27: جلسة | I27: العلاج الوظيفي | J27: صباحي | K27: تمت
A28: 27 | B28: 45496 | C28: 1484076714 | D28: =IFERROR(IF(C28="","",VLOOKUP(C28,المستفيدين!$B:$C,2,FALSE)),"") -> مستفيد126 | E28: E093 | F28: =IFERROR(IF(E28="","",VLOOKUP(E28,الموظفين!$B:$C,2,FALSE)),"") -> موظف93 | G28: =IFERROR(IF(C28="","",VLOOKUP(C28,المستفيدين!$B:$F,5,FALSE)),"") -> مركز إرادة وتمكين للرعاية النهارية (القدس) | H28: جلسة | I28: العلاج الوظيفي | J28: صباحي | K28: لم تتم
A29: 28 | B29: 45496 | C29: 1216681476 | D29: =IFERROR(IF(C29="","",VLOOKUP(C29,المستفيدين!$B:$C,2,FALSE)),"") -> مستفيد44 | E29: E001 | F29: =IFERROR(IF(E29="","",VLOOKUP(E29,الموظفين!$B:$C,2,FALSE)),"") -> موظف1 | G29: =IFERROR(IF(C29="","",VLOOKUP(C29,المستفيدين!$B:$F,5,FALSE)),"") -> مدرسة إرادة للتعليم (مكة) | H29: جلسة | I29: التربية الخاصة | J29: صباحي | K29: مؤجلة | L29: غياب بدون عذر
A30: 29 | B30: 45498 | C30: 1491276005 | D30: =IFERROR(IF(C30="","",VLOOKUP(C30,المستفيدين!$B:$C,2,FALSE)),"") -> مستفيد73 | E30: E033 | F30: =IFERROR(IF(E30="","",VLOOKUP(E30,الموظفين!$B:$C,2,FALSE)),"") -> موظف33 | G30: =IFERROR(IF(C30="","",VLOOKUP(C30,المستفيدين!$B:$F,5,FALSE)),"") -> مدرسة إرادة للتعليم (مكة) | H30: جلسة | I30: التأهيل النفسي الحركي | J30: صباحي | K30: تمت | L30: غياب بدون عذر
A31: 30 | B31: 45499 | C31: 1763354093 | D31: =IFERROR(IF(C31="","",VLOOKUP(C31,المستفيدين!$B:$C,2,FALSE)),"") -> مستفيد10 | E31: E043 | F31: =IFERROR(IF(E31="","",VLOOKUP(E31,الموظفين!$B:$C,2,FALSE)),"") -> موظف43 | G31: =IFERROR(IF(C31="","",VLOOKUP(C31,المستفيدين!$B:$F,5,FALSE)),"") -> مركز إرادة وتمكين للرعاية النهارية (القدس) | H31: جلسة | I31: العلاج الطبيعي | J31: صباحي | K31: ملغاة | L31: تأخر الحضور
A32: 31 | B32: 45500 | C32: 1076683920 | D32: =IFERROR(IF(C32="","",VLOOKUP(C32,المستفيدين!$B:$C,2,FALSE)),"") -> مستفيد92 | E32: E023 | F32: =IFERROR(IF(E32="","",VLOOKUP(E32,الموظفين!$B:$C,2,FALSE)),"") -> موظف23 | G32: =IFERROR(IF(C32="","",VLOOKUP(C32,المستفيدين!$B:$F,5,FALSE)),"") -> مركز إرادة وتمكين للرعاية النهارية (القدس) | H32: جلسة | I32: التأهيل النفسي الحركي | J32: مسائي | K32: ملغاة | L32: غياب بدون عذر
A33: 32 | B33: 45500 | C33: 1670614837 | D33: =IFERROR(IF(C33="","",VLOOKUP(C33,المستفيدين!$B:$C,2,FALSE)),"") -> مستفيد80 | E33: E019 | F33: =IFERROR(IF(E33="","",VLOOKUP(E33,الموظفين!$B:$C,2,FALSE)),"") -> موظف19 | G33: =IFERROR(IF(C33="","",VLOOKUP(C33,المستفيدين!$B:$F,5,FALSE)),"") -> مدرسة إرادة للتعليم (مكة) | H33: جلسة | I33: العلاج الوظيفي | J33: مسائي | K33: تمت | L33: تأخر الحضور
A34: 33 | B34: 45501 | C34: 1980725694 | D34: =IFERROR(IF(C34="","",VLOOKUP(C34,المستفيدين!$B:$C,2,FALSE)),"") -> مستفيد189 | E34: E018 | F34: =IFERROR(IF(E34="","",VLOOKUP(E34,الموظفين!$B:$C,2,FALSE)),"") -> موظف18 | G34: =IFERROR(IF(C34="","",VLOOKUP(C34,المستفيدين!$B:$F,5,FALSE)),"") -> مدرسة إرادة للتعليم (مكة) | H34: جلسة | I34: التأهيل النفسي | J34: مسائي | K34: لم تتم | L34: غياب بدون عذر
A35: 34 | B35: 45504 | C35: 1120965748 | D35: =IFERROR(IF(C35="","",VLOOKUP(C35,المستفيدين!$B:$C,2,FALSE)),"") -> مستفيد169 | E35: E081 | F35: =IFERROR(IF(E35="","",VLOOKUP(E35,الموظفين!$B:$C,2,FALSE)),"") -> موظف81 | G35: =IFERROR(IF(C35="","",VLOOKUP(C35,المستفيدين!$B:$F,5,FALSE)),"") -> مركز إرادة وتمكين لمتلازمة داون (نجد) | H35: جلسة | I35: العلاج الوظيفي | J35: صباحي | K35: تمت | L35: غياب بدون عذر
A36: 35 | B36: 45504 | C36: 1672893974 | D36: =IFERROR(IF(C36="","",VLOOKUP(C36,المستفيدين!$B:$C,2,FALSE)),"") -> مستفيد148 | E36: E088 | F36: =IFERROR(IF(E36="","",VLOOKUP(E36,الموظفين!$B:$C,2,FALSE)),"") -> موظف88 | G36: =IFERROR(IF(C36="","",VLOOKUP(C36,المستفيدين!$B:$F,5,FALSE)),"") -> مركز إرادة وتمكين لمتلازمة داون (نجد) | H36: خدمة | I36: التغذية | J36: مسائي | K36: لم تتم | L36: تفاعل ممتاز
A37: 36 | B37: 45504 | C37: 1777729908 | D37: =IFERROR(IF(C37="","",VLOOKUP(C37,المستفيدين!$B:$C,2,FALSE)),"") -> مستفيد142 | E37: E056 | F37: =IFERROR(IF(E37="","",VLOOKUP(E37,الموظفين!$B:$C,2,FALSE)),"") -> موظف56 | G37: =IFERROR(IF(C37="","",VLOOKUP(C37,المستفيدين!$B:$F,5,FALSE)),"") -> مركز إرادة وتمكين لرعاية ذوي الاحتياجات الخاصة (جلمودة) | H37: جلسة | I37: النطق والتواصل | J37: صباحي | K37: تمت
A38: 37 | B38: 45508 | C38: 1715340689 | D38: =IFERROR(IF(C38="","",VLOOKUP(C38,المستفيدين!$B:$C,2,FALSE)),"") -> مستفيد102 | E38: E074 | F38: =IFERROR(IF(E38="","",VLOOKUP(E38,الموظفين!$B:$C,2,FALSE)),"") -> موظف74 | G38: =IFERROR(IF(C38="","",VLOOKUP(C38,المستفيدين!$B:$F,5,FALSE)),"") -> مدرسة إرادة للتعليم (مكة) | H38: جلسة | I38: النطق والتواصل | J38: مسائي | K38: لم تتم | L38: تحسن ملحوظ
A39: 38 | B39: 45509 | C39: 1839924869 | D39: =IFERROR(IF(C39="","",VLOOKUP(C39,المستفيدين!$B:$C,2,FALSE)),"") -> مستفيد14 | E39: E009 | F39: =IFERROR(IF(E39="","",VLOOKUP(E39,الموظفين!$B:$C,2,FALSE)),"") -> موظف9 | G39: =IFERROR(IF(C39="","",VLOOKUP(C39,المستفيدين!$B:$F,5,FALSE)),"") -> مدرسة إرادة وتمكين لمتلازمة داون (نجد) | H39: جلسة | I39: النطق والتواصل | J39: صباحي | K39: ملغاة | L39: يحتاج متابعة
A40: 39 | B40: 45510 | C40: 1313917845 | D40: =IFERROR(IF(C40="","",VLOOKUP(C40,المستفيدين!$B:$C,2,FALSE)),"") -> مستفيد51 | E40: E067 | F40: =IFERROR(IF(E40="","",VLOOKUP(E40,الموظفين!$B:$C,2,FALSE)),"") -> موظف67 | G40: =IFERROR(IF(C40="","",VLOOKUP(C40,المستفيدين!$B:$F,5,FALSE)),"") -> مركز إرادة وتمكين للرعاية النهارية (القدس) | H40: خدمة | I40: الخدمة الاجتماعية | J40: مسائي | K40: تمت
A41: 40 | B41: 45511 | C41: 1376850558 | D41: =IFERROR(IF(C41="","",VLOOKUP(C41,المستفيدين!$B:$C,2,FALSE)),"") -> مستفيد43 | E41: E017 | F41: =IFERROR(IF(E41="","",VLOOKUP(E41,الموظفين!$B:$C,2,FALSE)),"") -> موظف17 | G41: =IFERROR(IF(C41="","",VLOOKUP(C41,المستفيدين!$B:$F,5,FALSE)),"") -> مركز إرادة وتمكين لرعاية ذوي الاحتياجات الخاصة (جلمودة) | H41: جلسة | I41: العلاج الطبيعي | J41: صباحي | K41: لم تتم | L41: يحتاج متابعة
A42: 41 | B42: 45511 | C42: 1176757752 | D42: =IFERROR(IF(C42="","",VLOOKUP(C42,المستفيدين!$B:$C,2,FALSE)),"") -> مستفيد112 | E42: E002 | F42: =IFERROR(IF(E42="","",VLOOKUP(E42,الموظفين!$B:$C,2,FALSE)),"") -> موظف2 | G42: =IFERROR(IF(C42="","",VLOOKUP(C42,المستفيدين!$B:$F,5,FALSE)),"") -> مدرسة إرادة وتمكين لمتلازمة داون (نجد) | H42: جلسة | I42: النطق والتواصل | J42: صباحي | K42: لم تتم
A43: 42 | B43: 45512 | C43: 1116222487 | D43: =IFERROR(IF(C43="","",VLOOKUP(C43,المستفيدين!$B:$C,2,FALSE)),"") -> مستفيد61 | E43: E055 | F43: =IFERROR(IF(E43="","",VLOOKUP(E43,الموظفين!$B:$C,2,FALSE)),"") -> موظف55 | G43: =IFERROR(IF(C43="","",VLOOKUP(C43,المستفيدين!$B:$F,5,FALSE)),"") -> مركز إرادة وتمكين لمتلازمة داون (نجد) | H43: جلسة | I43: العلاج الوظيفي | J43: مسائي | K43: تمت | L43: غياب بدون عذر
A44: 43 | B44: 45512 | C44: 1519714037 | D44: =IFERROR(IF(C44="","",VLOOKUP(C44,المستفيدين!$B:$C,2,FALSE)),"") -> مستفيد74 | E44: E036 | F44: =IFERROR(IF(E44="","",VLOOKUP(E44,الموظفين!$B:$C,2,FALSE)),"") -> موظف36 | G44: =IFERROR(IF(C44="","",VLOOKUP(C44,المستفيدين!$B:$F,5,FALSE)),"") -> مركز إرادة وتمكين لرعاية ذوي الاحتياجات الخاصة (جلمودة) | H44: جلسة | I44: التأهيل النفسي | J44: مسائي | K44: لم تتم | L44: تأخر الحضور
A45: 44 | B45: 45514 | C45: 1149256102 | D45: =IFERROR(IF(C45="","",VLOOKUP(C45,المستفيدين!$B:$C,2,FALSE)),"") -> مستفيد76 | E45: E015 | F45: =IFERROR(IF(E45="","",VLOOKUP(E45,الموظفين!$B:$C,2,FALSE)),"") -> موظف15 | G45: =IFERROR(IF(C45="","",VLOOKUP(C45,المستفيدين!$B:$F,5,FALSE)),"") -> مدرسة إرادة وتمكين لمتلازمة داون (نجد) | H45: جلسة | I45: التأهيل النفسي | J45: مسائي | K45: تمت | L45: تأخر الحضور
A46: 45 | B46: 45514 | C46: 1065397512 | D46: =IFERROR(IF(C46="","",VLOOKUP(C46,المستفيدين!$B:$C,2,FALSE)),"") -> مستفيد2 | E46: E033 | F46: =IFERROR(IF(E46="","",VLOOKUP(E46,الموظفين!$B:$C,2,FALSE)),"") -> موظف33 | G46: =IFERROR(IF(C46="","",VLOOKUP(C46,المستفيدين!$B:$F,5,FALSE)),"") -> مدرسة إرادة وتمكين لمتلازمة داون (نجد) | H46: جلسة | I46: التأهيل النفسي الحركي | J46: صباحي | K46: تمت | L46: تأخر الحضور
A47: 46 | B47: 45516 | C47: 1113590304 | D47: =IFERROR(IF(C47="","",VLOOKUP(C47,المستفيدين!$B:$C,2,FALSE)),"") -> مستفيد186 | E47: E011 | F47: =IFERROR(IF(E47="","",VLOOKUP(E47,الموظفين!$B:$C,2,FALSE)),"") -> موظف11 | G47: =IFERROR(IF(C47="","",VLOOKUP(C47,المستفيدين!$B:$F,5,FALSE)),"") -> مركز إرادة وتمكين لمتلازمة داون (نجد) | H47: خدمة | I47: الإرشاد الأسري | J47: مسائي | K47: ملغاة | L47: غياب بدون عذر
A48: 47 | B48: 45516 | C48: 1715681493 | D48: =IFERROR(IF(C48="","",VLOOKUP(C48,المستفيدين!$B:$C,2,FALSE)),"") -> مستفيد105 | E48: E094 | F48: =IFERROR(IF(E48="","",VLOOKUP(E48,الموظفين!$B:$C,2,FALSE)),"") -> موظف94 | G48: =IFERROR(IF(C48="","",VLOOKUP(C48,المستفيدين!$B:$F,5,FALSE)),"") -> مركز إرادة وتمكين لمتلازمة داون (نجد) | H48: جلسة | I48: التأهيل النفسي الحركي | J48: مسائي | K48: تمت | L48: تفاعل ممتاز
A49: 48 | B49: 45516 | C49: 1371671971 | D49: =IFERROR(IF(C49="","",VLOOKUP(C49,المستفيدين!$B:$C,2,FALSE)),"") -> مستفيد91 | E49: E082 | F49: =IFERROR(IF(E49="","",VLOOKUP(E49,الموظفين!$B:$C,2,FALSE)),"") -> موظف82 | G49: =IFERROR(IF(C49="","",VLOOKUP(C49,المستفيدين!$B:$F,5,FALSE)),"") -> مركز إرادة وتمكين لرعاية ذوي الاحتياجات الخاصة (جلمودة) | H49: جلسة | I49: التأهيل النفسي الحركي | J49: صباحي | K49: تمت
A50: 49 | B50: 45517 | C50: 1744297633 | D50: =IFERROR(IF(C50="","",VLOOKUP(C50,المستفيدين!$B:$C,2,FALSE)),"") -> مستفيد153 | E50: E026 | F50: =IFERROR(IF(E50="","",VLOOKUP(E50,الموظفين!$B:$C,2,FALSE)),"") -> موظف26 | G50: =IFERROR(IF(C50="","",VLOOKUP(C50,المستفيدين!$B:$F,5,FALSE)),"") -> مدرسة إرادة للتعليم (مكة) | H50: خدمة | I50: الخدمة الاجتماعية | J50: مسائي | K50: تمت | L50: تفاعل ممتاز
A51: 50 | B51: 45517 | C51: 1508553395 | D51: =IFERROR(IF(C51="","",VLOOKUP(C51,المستفيدين!$B:$C,2,FALSE)),"") -> مستفيد129 | E51: E096 | F51: =IFERROR(IF(E51="","",VLOOKUP(E51,الموظفين!$B:$C,2,FALSE)),"") -> موظف96 | G51: =IFERROR(IF(C51="","",VLOOKUP(C51,المستفيدين!$B:$F,5,FALSE)),"") -> مدرسة إرادة وتمكين لمتلازمة داون (نجد) | H51: جلسة | I51: العلاج الطبيعي | J51: مسائي | K51: لم تتم
A52: 51 | B52: 45519 | C52: 1020269730 | D52: =IFERROR(IF(C52="","",VLOOKUP(C52,المستفيدين!$B:$C,2,FALSE)),"") -> مستفيد32 | E52: E060 | F52: =IFERROR(IF(E52="","",VLOOKUP(E52,الموظفين!$B:$C,2,FALSE)),"") -> موظف60 | G52: =IFERROR(IF(C52="","",VLOOKUP(C52,المستفيدين!$B:$F,5,FALSE)),"") -> مدرسة إرادة للتعليم (مكة) | H52: جلسة | I52: النطق والتواصل | J52: صباحي | K52: تمت | L52: تفاعل ممتاز
A53: 52 | B53: 45519 | C53: 1379794895 | D53: =IFERROR(IF(C53="","",VLOOKUP(C53,المستفيدين!$B:$C,2,FALSE)),"") -> مستفيد78 | E53: E011 | F53: =IFERROR(IF(E53="","",VLOOKUP(E53,الموظفين!$B:$C,2,FALSE)),"") -> موظف11 | G53: =IFERROR(IF(C53="","",VLOOKUP(C53,المستفيدين!$B:$F,5,FALSE)),"") -> مركز إرادة وتمكين للرعاية النهارية (القدس) | H53: خدمة | I53: الإرشاد الأسري | J53: مسائي | K53: تمت
A54: 53 | B54: 45520 | C54: 1618104695 | D54: =IFERROR(IF(C54="","",VLOOKUP(C54,المستفيدين!$B:$C,2,FALSE)),"") -> مستفيد36 | E54: E041 | F54: =IFERROR(IF(E54="","",VLOOKUP(E54,الموظفين!$B:$C,2,FALSE)),"") -> موظف41 | G54: =IFERROR(IF(C54="","",VLOOKUP(C54,المستفيدين!$B:$F,5,FALSE)),"") -> مدرسة إرادة وتمكين لمتلازمة داون (نجد) | H54: جلسة | I54: النطق والتواصل | J54: صباحي | K54: لم تتم
A55: 54 | B55: 45520 | C55: 1909062660 | D55: =IFERROR(IF(C55="","",VLOOKUP(C55,المستفيدين!$B:$C,2,FALSE)),"") -> مستفيد195 | E55: E048 | F55: =IFERROR(IF(E55="","",VLOOKUP(E55,الموظفين!$B:$C,2,FALSE)),"") -> موظف48 | G55: =IFERROR(IF(C55="","",VLOOKUP(C55,المستفيدين!$B:$F,5,FALSE)),"") -> مدرسة إرادة للتعليم (مكة) | H55: جلسة | I55: التأهيل النفسي | J55: مسائي | K55: لم تتم | L55: تأخر الحضور
A56: 55 | B56: 45521 | C56: 1531942049 | D56: =IFERROR(IF(C56="","",VLOOKUP(C56,المستفيدين!$B:$C,2,FALSE)),"") -> مستفيد35 | E56: E015 | F56: =IFERROR(IF(E56="","",VLOOKUP(E56,الموظفين!$B:$C,2,FALSE)),"") -> موظف15 | G56: =IFERROR(IF(C56="","",VLOOKUP(C56,المستفيدين!$B:$F,5,FALSE)),"") -> مدرسة إرادة وتمكين لمتلازمة داون (نجد) | H56: جلسة | I56: التأهيل النفسي | J56: مسائي | K56: تمت
A57: 56 | B57: 45521 | C57: 1707584852 | D57: =IFERROR(IF(C57="","",VLOOKUP(C57,المستفيدين!$B:$C,2,FALSE)),"") -> مستفيد115 | E57: E066 | F57: =IFERROR(IF(E57="","",VLOOKUP(E57,الموظفين!$B:$C,2,FALSE)),"") -> موظف66 | G57: =IFERROR(IF(C57="","",VLOOKUP(C57,المستفيدين!$B:$F,5,FALSE)),"") -> مدرسة إرادة للتعليم (مكة) | H57: جلسة | I57: التربية الخاصة | J57: مسائي | K57: لم تتم | L57: غياب بدون عذر
A58: 57 | B58: 45521 | C58: 1079496892 | D58: =IFERROR(IF(C58="","",VLOOKUP(C58,المستفيدين!$B:$C,2,FALSE)),"") -> مستفيد144 | E58: E068 | F58: =IFERROR(IF(E58="","",VLOOKUP(E58,الموظفين!$B:$C,2,FALSE)),"") -> موظف68 | G58: =IFERROR(IF(C58="","",VLOOKUP(C58,المستفيدين!$B:$F,5,FALSE)),"") -> مدرسة إرادة وتمكين لمتلازمة داون (نجد) | H58: خدمة | I58: الإرشاد الأسري | J58: صباحي | K58: تمت | L58: تأخر الحضور
A59: 58 | B59: 45522 | C59: 1525548329 | D59: =IFERROR(IF(C59="","",VLOOKUP(C59,المستفيدين!$B:$C,2,FALSE)),"") -> مستفيد187 | E59: E029 | F59: =IFERROR(IF(E59="","",VLOOKUP(E59,الموظفين!$B:$C,2,FALSE)),"") -> موظف29 | G59: =IFERROR(IF(C59="","",VLOOKUP(C59,المستفيدين!$B:$F,5,FALSE)),"") -> مركز إرادة وتمكين لرعاية ذوي الاحتياجات الخاصة (جلمودة) | H59: خدمة | I59: التمريض | J59: صباحي | K59: تمت
A60: 59 | B60: 45522 | C60: 1231607400 | D60: =IFERROR(IF(C60="","",VLOOKUP(C60,المستفيدين!$B:$C,2,FALSE)),"") -> مستفيد11 | E60: E093 | F60: =IFERROR(IF(E60="","",VLOOKUP(E60,الموظفين!$B:$C,2,FALSE)),"") -> موظف93 | G60: =IFERROR(IF(C60="","",VLOOKUP(C60,المستفيدين!$B:$F,5,FALSE)),"") -> مركز إرادة وتمكين لمتلازمة داون (نجد) | H60: جلسة | I60: العلاج الوظيفي | J60: صباحي | K60: ملغاة | L60: تفاعل ممتاز
A61: 60 | B61: 45522 | C61: 1110215725 | D61: =IFERROR(IF(C61="","",VLOOKUP(C61,المستفيدين!$B:$C,2,FALSE)),"") -> مستفيد34 | E61: E054 | F61: =IFERROR(IF(E61="","",VLOOKUP(E61,الموظفين!$B:$C,2,FALSE)),"") -> موظف54 | G61: =IFERROR(IF(C61="","",VLOOKUP(C61,المستفيدين!$B:$F,5,FALSE)),"") -> مركز إرادة وتمكين لرعاية ذوي الاحتياجات الخاصة (جلمودة) | H61: جلسة | I61: التأهيل النفسي الحركي | J61: مسائي | K61: تمت
A62: 61 | B62: 45525 | C62: 1543372068 | D62: =IFERROR(IF(C62="","",VLOOKUP(C62,المستفيدين!$B:$C,2,FALSE)),"") -> مستفيد132 | E62: E029 | F62: =IFERROR(IF(E62="","",VLOOKUP(E62,الموظفين!$B:$C,2,FALSE)),"") -> موظف29 | G62: =IFERROR(IF(C62="","",VLOOKUP(C62,المستفيدين!$B:$F,5,FALSE)),"") -> مركز إرادة وتمكين للرعاية النهارية (القدس) | H62: خدمة | I62: التمريض | J62: صباحي | K62: مؤجلة | L62: تفاعل ممتاز
A63: 62 | B63: 45529 | C63: 1035556284 | D63: =IFERROR(IF(C63="","",VLOOKUP(C63,المستفيدين!$B:$C,2,FALSE)),"") -> مستفيد40 | E63: E036 | F63: =IFERROR(IF(E63="","",VLOOKUP(E63,الموظفين!$B:$C,2,FALSE)),"") -> موظف36 | G63: =IFERROR(IF(C63="","",VLOOKUP(C63,المستفيدين!$B:$F,5,FALSE)),"") -> مركز إرادة وتمكين لرعاية ذوي الاحتياجات الخاصة (جلمودة) | H63: جلسة | I63: التأهيل النفسي | J63: مسائي | K63: تمت
A64: 63 | B64: 45530 | C64: 1914106815 | D64: =IFERROR(IF(C64="","",VLOOKUP(C64,المستفيدين!$B:$C,2,FALSE)),"") -> مستفيد174 | E64: E044 | F64: =IFERROR(IF(E64="","",VLOOKUP(E64,الموظفين!$B:$C,2,FALSE)),"") -> موظف44 | G64: =IFERROR(IF(C64="","",VLOOKUP(C64,المستفيدين!$B:$F,5,FALSE)),"") -> مدرسة إرادة للتعليم (مكة) | H64: جلسة | I64: التربية الخاصة | J64: صباحي | K64: ملغاة
A65: 64 | B65: 45531 | C65: 1696333011 | D65: =IFERROR(IF(C65="","",VLOOKUP(C65,المستفيدين!$B:$C,2,FALSE)),"") -> مستفيد175 | E65: E003 | F65: =IFERROR(IF(E65="","",VLOOKUP(E65,الموظفين!$B:$C,2,FALSE)),"") -> موظف3 | G65: =IFERROR(IF(C65="","",VLOOKUP(C65,المستفيدين!$B:$F,5,FALSE)),"") -> مركز إرادة وتمكين للرعاية النهارية (القدس) | H65: جلسة | I65: النطق والتواصل | J65: مسائي | K65: لم تتم
A66: 65 | B66: 45531 | C66: 1635473065 | D66: =IFERROR(IF(C66="","",VLOOKUP(C66,المستفيدين!$B:$C,2,FALSE)),"") -> مستفيد98 | E66: E096 | F66: =IFERROR(IF(E66="","",VLOOKUP(E66,الموظفين!$B:$C,2,FALSE)),"") -> موظف96 | G66: =IFERROR(IF(C66="","",VLOOKUP(C66,المستفيدين!$B:$F,5,FALSE)),"") -> مدرسة إرادة وتمكين لمتلازمة داون (نجد) | H66: جلسة | I66: العلاج الطبيعي | J66: مسائي | K66: ملغاة
A67: 66 | B67: 45537 | C67: 1640872800 | D67: =IFERROR(IF(C67="","",VLOOKUP(C67,المستفيدين!$B:$C,2,FALSE)),"") -> مستفيد173 | E67: E012 | F67: =IFERROR(IF(E67="","",VLOOKUP(E67,الموظفين!$B:$C,2,FALSE)),"") -> موظف12 | G67: =IFERROR(IF(C67="","",VLOOKUP(C67,المستفيدين!$B:$F,5,FALSE)),"") -> مركز إرادة وتمكين لرعاية ذوي الاحتياجات الخاصة (جلمودة) | H67: خدمة | I67: الإرشاد الأسري | J67: مسائي | K67: تمت | L67: تحسن ملحوظ
A68: 67 | B68: 45542 | C68: 1345489113 | D68: =IFERROR(IF(C68="","",VLOOKUP(C68,المستفيدين!$B:$C,2,FALSE)),"") -> مستفيد124 | E68: E068 | F68: =IFERROR(IF(E68="","",VLOOKUP(E68,الموظفين!$B:$C,2,FALSE)),"") -> موظف68 | G68: =IFERROR(IF(C68="","",VLOOKUP(C68,المستفيدين!$B:$F,5,FALSE)),"") -> مركز إرادة وتمكين لرعاية ذوي الاحتياجات الخاصة (جلمودة) | H68: خدمة | I68: الإرشاد الأسري | J68: صباحي | K68: ملغاة
A69: 68 | B69: 45542 | C69: 1095920856 | D69: =IFERROR(IF(C69="","",VLOOKUP(C69,المستفيدين!$B:$C,2,FALSE)),"") -> مستفيد21 | E69: E027 | F69: =IFERROR(IF(E69="","",VLOOKUP(E69,الموظفين!$B:$C,2,FALSE)),"") -> موظف27 | G69: =IFERROR(IF(C69="","",VLOOKUP(C69,المستفيدين!$B:$F,5,FALSE)),"") -> مركز إرادة وتمكين لرعاية ذوي الاحتياجات الخاصة (جلمودة) | H69: جلسة | I69: العلاج الوظيفي | J69: مسائي | K69: ملغاة | L69: تحسن ملحوظ
A70: 69 | B70: 45545 | C70: 1239383239 | D70: =IFERROR(IF(C70="","",VLOOKUP(C70,المستفيدين!$B:$C,2,FALSE)),"") -> مستفيد13 | E70: E061 | F70: =IFERROR(IF(E70="","",VLOOKUP(E70,الموظفين!$B:$C,2,FALSE)),"") -> موظف61 | G70: =IFERROR(IF(C70="","",VLOOKUP(C70,المستفيدين!$B:$F,5,FALSE)),"") -> مركز إرادة وتمكين لرعاية ذوي الاحتياجات الخاصة (جلمودة) | H70: جلسة | I70: العلاج الطبيعي | J70: صباحي | K70: ملغاة | L70: يحتاج متابعة
A71: 70 | B71: 45545 | C71: 1744297633 | D71: =IFERROR(IF(C71="","",VLOOKUP(C71,المستفيدين!$B:$C,2,FALSE)),"") -> مستفيد153 | E71: E025 | F71: =IFERROR(IF(E71="","",VLOOKUP(E71,الموظفين!$B:$C,2,FALSE)),"") -> موظف25 | G71: =IFERROR(IF(C71="","",VLOOKUP(C71,المستفيدين!$B:$F,5,FALSE)),"") -> مدرسة إرادة للتعليم (مكة) | H71: جلسة | I71: النطق والتواصل | J71: مسائي | K71: مؤجلة
A72: 71 | B72: 45546 | C72: 1247447562 | D72: =IFERROR(IF(C72="","",VLOOKUP(C72,المستفيدين!$B:$C,2,FALSE)),"") -> مستفيد89 | E72: E065 | F72: =IFERROR(IF(E72="","",VLOOKUP(E72,الموظفين!$B:$C,2,FALSE)),"") -> موظف65 | G72: =IFERROR(IF(C72="","",VLOOKUP(C72,المستفيدين!$B:$F,5,FALSE)),"") -> مدرسة إرادة للتعليم (مكة) | H72: جلسة | I72: التأهيل النفسي | J72: مسائي | K72: تمت | L72: تفاعل ممتاز
A73: 72 | B73: 45547 | C73: 1216832990 | D73: =IFERROR(IF(C73="","",VLOOKUP(C73,المستفيدين!$B:$C,2,FALSE)),"") -> مستفيد176 | E73: E056 | F73: =IFERROR(IF(E73="","",VLOOKUP(E73,الموظفين!$B:$C,2,FALSE)),"") -> موظف56 | G73: =IFERROR(IF(C73="","",VLOOKUP(C73,المستفيدين!$B:$F,5,FALSE)),"") -> مركز إرادة وتمكين للرعاية النهارية (القدس) | H73: جلسة | I73: النطق والتواصل | J73: صباحي | K73: تمت
A74: 73 | B74: 45552 | C74: 1253511077 | D74: =IFERROR(IF(C74="","",VLOOKUP(C74,المستفيدين!$B:$C,2,FALSE)),"") -> مستفيد64 | E74: E056 | F74: =IFERROR(IF(E74="","",VLOOKUP(E74,الموظفين!$B:$C,2,FALSE)),"") -> موظف56 | G74: =IFERROR(IF(C74="","",VLOOKUP(C74,المستفيدين!$B:$F,5,FALSE)),"") -> مدرسة إرادة للتعليم (مكة) | H74: جلسة | I74: النطق والتواصل | J74: صباحي | K74: تمت
A75: 74 | B75: 45554 | C75: 1845701828 | D75: =IFERROR(IF(C75="","",VLOOKUP(C75,المستفيدين!$B:$C,2,FALSE)),"") -> مستفيد192 | E75: E063 | F75: =IFERROR(IF(E75="","",VLOOKUP(E75,الموظفين!$B:$C,2,FALSE)),"") -> موظف63 | G75: =IFERROR(IF(C75="","",VLOOKUP(C75,المستفيدين!$B:$F,5,FALSE)),"") -> مركز إرادة وتمكين للرعاية النهارية (القدس) | H75: جلسة | I75: العلاج الوظيفي | J75: صباحي | K75: ملغاة | L75: غياب بدون عذر
A76: 75 | B76: 45554 | C76: 1057659923 | D76: =IFERROR(IF(C76="","",VLOOKUP(C76,المستفيدين!$B:$C,2,FALSE)),"") -> مستفيد26 | E76: E089 | F76: =IFERROR(IF(E76="","",VLOOKUP(E76,الموظفين!$B:$C,2,FALSE)),"") -> موظف89 | G76: =IFERROR(IF(C76="","",VLOOKUP(C76,المستفيدين!$B:$F,5,FALSE)),"") -> مدرسة إرادة للتعليم (مكة) | H76: جلسة | I76: العلاج الوظيفي | J76: مسائي | K76: تمت
A77: 76 | B77: 45559 | C77: 1742902647 | D77: =IFERROR(IF(C77="","",VLOOKUP(C77,المستفيدين!$B:$C,2,FALSE)),"") -> مستفيد109 | E77: E063 | F77: =IFERROR(IF(E77="","",VLOOKUP(E77,الموظفين!$B:$C,2,FALSE)),"") -> موظف63 | G77: =IFERROR(IF(C77="","",VLOOKUP(C77,المستفيدين!$B:$F,5,FALSE)),"") -> مركز إرادة وتمكين لرعاية ذوي الاحتياجات الخاصة (جلمودة) | H77: جلسة | I77: العلاج الوظيفي | J77: صباحي | K77: مؤجلة | L77: غياب بدون عذر
A78: 77 | B78: 45561 | C78: 1224071000 | D78: =IFERROR(IF(C78="","",VLOOKUP(C78,المستفيدين!$B:$C,2,FALSE)),"") -> مستفيد150 | E78: E060 | F78: =IFERROR(IF(E78="","",VLOOKUP(E78,الموظفين!$B:$C,2,FALSE)),"") -> موظف60 | G78: =IFERROR(IF(C78="","",VLOOKUP(C78,المستفيدين!$B:$F,5,FALSE)),"") -> مركز إرادة وتمكين لمتلازمة داون (نجد) | H78: جلسة | I78: النطق والتواصل | J78: صباحي | K78: تمت | L78: تأخر الحضور
A79: 78 | B79: 45561 | C79: 1983951447 | D79: =IFERROR(IF(C79="","",VLOOKUP(C79,المستفيدين!$B:$C,2,FALSE)),"") -> مستفيد72 | E79: E098 | F79: =IFERROR(IF(E79="","",VLOOKUP(E79,الموظفين!$B:$C,2,FALSE)),"") -> موظف98 | G79: =IFERROR(IF(C79="","",VLOOKUP(C79,المستفيدين!$B:$F,5,FALSE)),"") -> مركز إرادة وتمكين لرعاية ذوي الاحتياجات الخاصة (جلمودة) | H79: خدمة | I79: الإرشاد الأسري | J79: مسائي | K79: تمت | L79: يحتاج متابعة
A80: 79 | B80: 45561 | C80: 1371671971 | D80: =IFERROR(IF(C80="","",VLOOKUP(C80,المستفيدين!$B:$C,2,FALSE)),"") -> مستفيد91 | E80: E033 | F80: =IFERROR(IF(E80="","",VLOOKUP(E80,الموظفين!$B:$C,2,FALSE)),"") -> موظف33 | G80: =IFERROR(IF(C80="","",VLOOKUP(C80,المستفيدين!$B:$F,5,FALSE)),"") -> مركز إرادة وتمكين لرعاية ذوي الاحتياجات الخاصة (جلمودة) | H80: جلسة | I80: التأهيل النفسي الحركي | J80: صباحي | K80: تمت
A81: 80 | B81: 45563 | C81: 1773160728 | D81: =IFERROR(IF(C81="","",VLOOKUP(C81,المستفيدين!$B:$C,2,FALSE)),"") -> مستفيد161 | E81: E048 | F81: =IFERROR(IF(E81="","",VLOOKUP(E81,الموظفين!$B:$C,2,FALSE)),"") -> موظف48 | G81: =IFERROR(IF(C81="","",VLOOKUP(C81,المستفيدين!$B:$F,5,FALSE)),"") -> مركز إرادة وتمكين لمتلازمة داون (نجد) | H81: جلسة | I81: التأهيل النفسي | J81: مسائي | K81: تمت
A82: 81 | B82: 45566 | C82: 1087747431 | D82: =IFERROR(IF(C82="","",VLOOKUP(C82,المستفيدين!$B:$C,2,FALSE)),"") -> مستفيد108 | E82: E043 | F82: =IFERROR(IF(E82="","",VLOOKUP(E82,الموظفين!$B:$C,2,FALSE)),"") -> موظف43 | G82: =IFERROR(IF(C82="","",VLOOKUP(C82,المستفيدين!$B:$F,5,FALSE)),"") -> مركز إرادة وتمكين لمتلازمة داون (نجد) | H82: جلسة | I82: العلاج الطبيعي | J82: صباحي | K82: تمت
A83: 82 | B83: 45567 | C83: 1932054889 | D83: =IFERROR(IF(C83="","",VLOOKUP(C83,المستفيدين!$B:$C,2,FALSE)),"") -> مستفيد167 | E83: E045 | F83: =IFERROR(IF(E83="","",VLOOKUP(E83,الموظفين!$B:$C,2,FALSE)),"") -> موظف45 | G83: =IFERROR(IF(C83="","",VLOOKUP(C83,المستفيدين!$B:$F,5,FALSE)),"") -> مركز إرادة وتمكين للرعاية النهارية (القدس) | H83: خدمة | I83: الخدمة الاجتماعية | J83: صباحي | K83: ملغاة | L83: يحتاج متابعة
A84: 83 | B84: 45568 | C84: 1207180707 | D84: =IFERROR(IF(C84="","",VLOOKUP(C84,المستفيدين!$B:$C,2,FALSE)),"") -> مستفيد182 | E84: E036 | F84: =IFERROR(IF(E84="","",VLOOKUP(E84,الموظفين!$B:$C,2,FALSE)),"") -> موظف36 | G84: =IFERROR(IF(C84="","",VLOOKUP(C84,المستفيدين!$B:$F,5,FALSE)),"") -> مدرسة إرادة للتعليم (مكة) | H84: جلسة | I84: التأهيل النفسي | J84: مسائي | K84: تمت
A85: 84 | B85: 45568 | C85: 1519714037 | D85: =IFERROR(IF(C85="","",VLOOKUP(C85,المستفيدين!$B:$C,2,FALSE)),"") -> مستفيد74 | E85: E026 | F85: =IFERROR(IF(E85="","",VLOOKUP(E85,الموظفين!$B:$C,2,FALSE)),"") -> موظف26 | G85: =IFERROR(IF(C85="","",VLOOKUP(C85,المستفيدين!$B:$F,5,FALSE)),"") -> مركز إرادة وتمكين لرعاية ذوي الاحتياجات الخاصة (جلمودة) | H85: خدمة | I85: الخدمة الاجتماعية | J85: مسائي | K85: تمت | L85: غياب بدون عذر
A86: 85 | B86: 45569 | C86: 1345489113 | D86: =IFERROR(IF(C86="","",VLOOKUP(C86,المستفيدين!$B:$C,2,FALSE)),"") -> مستفيد124 | E86: E014 | F86: =IFERROR(IF(E86="","",VLOOKUP(E86,الموظفين!$B:$C,2,FALSE)),"") -> موظف14 | G86: =IFERROR(IF(C86="","",VLOOKUP(C86,المستفيدين!$B:$F,5,FALSE)),"") -> مركز إرادة وتمكين لرعاية ذوي الاحتياجات الخاصة (جلمودة) | H86: جلسة | I86: العلاج الطبيعي | J86: صباحي | K86: لم تتم
A87: 86 | B87: 45574 | C87: 1124422216 | D87: =IFERROR(IF(C87="","",VLOOKUP(C87,المستفيدين!$B:$C,2,FALSE)),"") -> مستفيد5 | E87: E004 | F87: =IFERROR(IF(E87="","",VLOOKUP(E87,الموظفين!$B:$C,2,FALSE)),"") -> موظف4 | G87: =IFERROR(IF(C87="","",VLOOKUP(C87,المستفيدين!$B:$F,5,FALSE)),"") -> مركز إرادة وتمكين لمتلازمة داون (نجد) | H87: جلسة | I87: العلاج الوظيفي | J87: صباحي | K87: تمت
A88: 87 | B88: 45574 | C88: 1889143921 | D88: =IFERROR(IF(C88="","",VLOOKUP(C88,المستفيدين!$B:$C,2,FALSE)),"") -> مستفيد6 | E88: E022 | F88: =IFERROR(IF(E88="","",VLOOKUP(E88,الموظفين!$B:$C,2,FALSE)),"") -> موظف22 | G88: =IFERROR(IF(C88="","",VLOOKUP(C88,المستفيدين!$B:$F,5,FALSE)),"") -> مركز إرادة وتمكين لرعاية ذوي الاحتياجات الخاصة (جلمودة) | H88: جلسة | I88: العلاج الطبيعي | J88: صباحي | K88: تمت
A89: 88 | B89: 45576 | C89: 1648463946 | D89: =IFERROR(IF(C89="","",VLOOKUP(C89,المستفيدين!$B:$C,2,FALSE)),"") -> مستفيد130 | E89: E087 | F89: =IFERROR(IF(E89="","",VLOOKUP(E89,الموظفين!$B:$C,2,FALSE)),"") -> موظف87 | G89: =IFERROR(IF(C89="","",VLOOKUP(C89,المستفيدين!$B:$F,5,FALSE)),"") -> مركز إرادة وتمكين لمتلازمة داون (نجد) | H89: خدمة | I89: الإرشاد الأسري | J89: صباحي | K89: ملغاة | L89: تأخر الحضور
A90: 89 | B90: 45580 | C90: 1253511077 | D90: =IFERROR(IF(C90="","",VLOOKUP(C90,المستفيدين!$B:$C,2,FALSE)),"") -> مستفيد64 | E90: E012 | F90: =IFERROR(IF(E90="","",VLOOKUP(E90,الموظفين!$B:$C,2,FALSE)),"") -> موظف12 | G90: =IFERROR(IF(C90="","",VLOOKUP(C90,المستفيدين!$B:$F,5,FALSE)),"") -> مدرسة إرادة للتعليم (مكة) | H90: خدمة | I90: الإرشاد الأسري | J90: مسائي | K90: تمت
A91: 90 | B91: 45580 | C91: 1744297633 | D91: =IFERROR(IF(C91="","",VLOOKUP(C91,المستفيدين!$B:$C,2,FALSE)),"") -> مستفيد153 | E91: E063 | F91: =IFERROR(IF(E91="","",VLOOKUP(E91,الموظفين!$B:$C,2,FALSE)),"") -> موظف63 | G91: =IFERROR(IF(C91="","",VLOOKUP(C91,المستفيدين!$B:$F,5,FALSE)),"") -> مدرسة إرادة للتعليم (مكة) | H91: جلسة | I91: العلاج الوظيفي | J91: صباحي | K91: لم تتم
A92: 91 | B92: 45583 | C92: 1009443870 | D92: =IFERROR(IF(C92="","",VLOOKUP(C92,المستفيدين!$B:$C,2,FALSE)),"") -> مستفيد42 | E92: E018 | F92: =IFERROR(IF(E92="","",VLOOKUP(E92,الموظفين!$B:$C,2,FALSE)),"") -> موظف18 | G92: =IFERROR(IF(C92="","",VLOOKUP(C92,المستفيدين!$B:$F,5,FALSE)),"") -> مركز إرادة وتمكين لمتلازمة داون (نجد) | H92: جلسة | I92: التأهيل النفسي | J92: مسائي | K92: تمت | L92: غياب بدون عذر
A93: 92 | B93: 45583 | C93: 1392511676 | D93: =IFERROR(IF(C93="","",VLOOKUP(C93,المستفيدين!$B:$C,2,FALSE)),"") -> مستفيد179 | E93: E090 | F93: =IFERROR(IF(E93="","",VLOOKUP(E93,الموظفين!$B:$C,2,FALSE)),"") -> موظف90 | G93: =IFERROR(IF(C93="","",VLOOKUP(C93,المستفيدين!$B:$F,5,FALSE)),"") -> مركز إرادة وتمكين للرعاية النهارية (القدس) | H93: خدمة | I93: الخدمة الاجتماعية | J93: صباحي | K93: تمت | L93: يحتاج متابعة
A94: 93 | B94: 45584 | C94: 1061601642 | D94: =IFERROR(IF(C94="","",VLOOKUP(C94,المستفيدين!$B:$C,2,FALSE)),"") -> مستفيد39 | E94: E085 | F94: =IFERROR(IF(E94="","",VLOOKUP(E94,الموظفين!$B:$C,2,FALSE)),"") -> موظف85 | G94: =IFERROR(IF(C94="","",VLOOKUP(C94,المستفيدين!$B:$F,5,FALSE)),"") -> مركز إرادة وتمكين لمتلازمة داون (نجد) | H94: خدمة | I94: الإرشاد الأسري | J94: مسائي | K94: تمت | L94: تحسن ملحوظ
A95: 94 | B95: 45585 | C95: 1859263783 | D95: =IFERROR(IF(C95="","",VLOOKUP(C95,المستفيدين!$B:$C,2,FALSE)),"") -> مستفيد33 | E95: E072 | F95: =IFERROR(IF(E95="","",VLOOKUP(E95,الموظفين!$B:$C,2,FALSE)),"") -> موظف72 | G95: =IFERROR(IF(C95="","",VLOOKUP(C95,المستفيدين!$B:$F,5,FALSE)),"") -> مدرسة إرادة للتعليم (مكة) | H95: جلسة | I95: العلاج الوظيفي | J95: صباحي | K95: لم تتم
A96: 95 | B96: 45591 | C96: 1079496892 | D96: =IFERROR(IF(C96="","",VLOOKUP(C96,المستفيدين!$B:$C,2,FALSE)),"") -> مستفيد144 | E96: E014 | F96: =IFERROR(IF(E96="","",VLOOKUP(E96,الموظفين!$B:$C,2,FALSE)),"") -> موظف14 | G96: =IFERROR(IF(C96="","",VLOOKUP(C96,المستفيدين!$B:$F,5,FALSE)),"") -> مدرسة إرادة وتمكين لمتلازمة داون (نجد) | H96: جلسة | I96: العلاج الطبيعي | J96: صباحي | K96: تمت | L96: غياب بدون عذر
A97: 96 | B97: 45593 | C97: 1445520895 | D97: =IFERROR(IF(C97="","",VLOOKUP(C97,المستفيدين!$B:$C,2,FALSE)),"") -> مستفيد56 | E97: E054 | F97: =IFERROR(IF(E97="","",VLOOKUP(E97,الموظفين!$B:$C,2,FALSE)),"") -> موظف54 | G97: =IFERROR(IF(C97="","",VLOOKUP(C97,المستفيدين!$B:$F,5,FALSE)),"") -> مركز إرادة وتمكين للرعاية النهارية (القدس) | H97: جلسة | I97: التأهيل النفسي الحركي | J97: مسائي | K97: ملغاة
A98: 97 | B98: 45595 | C98: 1690864686 | D98: =IFERROR(IF(C98="","",VLOOKUP(C98,المستفيدين!$B:$C,2,FALSE)),"") -> مستفيد141 | E98: E054 | F98: =IFERROR(IF(E98="","",VLOOKUP(E98,الموظفين!$B:$C,2,FALSE)),"") -> موظف54 | G98: =IFERROR(IF(C98="","",VLOOKUP(C98,المستفيدين!$B:$F,5,FALSE)),"") -> مدرسة إرادة وتمكين لمتلازمة داون (نجد) | H98: جلسة | I98: التأهيل النفسي الحركي | J98: مسائي | K98: تمت | L98: غياب بدون عذر
A99: 98 | B99: 45598 | C99: 1715340689 | D99: =IFERROR(IF(C99="","",VLOOKUP(C99,المستفيدين!$B:$C,2,FALSE)),"") -> مستفيد102 | E99: E057 | F99: =IFERROR(IF(E99="","",VLOOKUP(E99,الموظفين!$B:$C,2,FALSE)),"") -> موظف57 | G99: =IFERROR(IF(C99="","",VLOOKUP(C99,المستفيدين!$B:$F,5,FALSE)),"") -> مدرسة إرادة للتعليم (مكة) | H99: جلسة | I99: التربية الخاصة | J99: مسائي | K99: مؤجلة | L99: غياب بدون عذر
A100: 99 | B100: 45599 | C100: 1252971687 | D100: =IFERROR(IF(C100="","",VLOOKUP(C100,المستفيدين!$B:$C,2,FALSE)),"") -> مستفيد30 | E100: E030 | F100: =IFERROR(IF(E100="","",VLOOKUP(E100,الموظفين!$B:$C,2,FALSE)),"") -> موظف30 | G100: =IFERROR(IF(C100="","",VLOOKUP(C100,المستفيدين!$B:$F,5,FALSE)),"") -> مدرسة إرادة للتعليم (مكة) | H100: جلسة | I100: العلاج الوظيفي | J100: صباحي | K100: تمت | L100: تفاعل ممتاز
...

Sheet جدول الغياب
A1: م | B1: موظف/ مستفيد | C1: الرقم الوظيفي / هوية المستفيد | D1: الاسم | E1: المركز / المدرسة | F1: التاريخ | G1: سبب_الغياب | H1: الفترة | I1: ملاحظات
A2: 1 | B2: مستفيد | C2: 1096348523 | D2: =IFERROR(IF(C2="","",IF(B2="موظف",VLOOKUP(C2,الموظفين!$B:$C,2,FALSE),VLOOKUP(C2,المستفيدين!$B:$C,2,FALSE))),"") -> مستفيد4 | E2: =IFERROR(IF(C2="","",IF(B2="موظف",VLOOKUP(C2,الموظفين!$B:$H,7,FALSE),VLOOKUP(C2,المستفيدين!$B:$F,5,FALSE))),"") -> مدرسة إرادة للتعليم (مكة) | F2: 45447 | G2: مرضي | H2: مسائي | I2: تم إبلاغ الأسرة
A3: 2 | B3: مستفيد | C3: 1723683973 | D3: =IFERROR(IF(C3="","",IF(B3="موظف",VLOOKUP(C3,الموظفين!$B:$C,2,FALSE),VLOOKUP(C3,المستفيدين!$B:$C,2,FALSE))),"") -> مستفيد152 | E3: =IFERROR(IF(C3="","",IF(B3="موظف",VLOOKUP(C3,الموظفين!$B:$H,7,FALSE),VLOOKUP(C3,المستفيدين!$B:$F,5,FALSE))),"") -> مركز إرادة وتمكين لمتلازمة داون (نجد) | F3: 45456 | G3: غياب بعذر | H3: مسائي
A4: 3 | B4: مستفيد | C4: 1672893974 | D4: =IFERROR(IF(C4="","",IF(B4="موظف",VLOOKUP(C4,الموظفين!$B:$C,2,FALSE),VLOOKUP(C4,المستفيدين!$B:$C,2,FALSE))),"") -> مستفيد148 | E4: =IFERROR(IF(C4="","",IF(B4="موظف",VLOOKUP(C4,الموظفين!$B:$H,7,FALSE),VLOOKUP(C4,المستفيدين!$B:$F,5,FALSE))),"") -> مركز إرادة وتمكين لمتلازمة داون (نجد) | F4: 45462 | G4: مرضي | H4: مسائي
A5: 4 | B5: مستفيد | C5: 1692678303 | D5: =IFERROR(IF(C5="","",IF(B5="موظف",VLOOKUP(C5,الموظفين!$B:$C,2,FALSE),VLOOKUP(C5,المستفيدين!$B:$C,2,FALSE))),"") -> مستفيد94 | E5: =IFERROR(IF(C5="","",IF(B5="موظف",VLOOKUP(C5,الموظفين!$B:$H,7,FALSE),VLOOKUP(C5,المستفيدين!$B:$F,5,FALSE))),"") -> مدرسة إرادة للتعليم (مكة) | F5: 45476 | G5: غياب بعذر | H5: صباحي
A6: 5 | B6: مستفيد | C6: 1762847665 | D6: =IFERROR(IF(C6="","",IF(B6="موظف",VLOOKUP(C6,الموظفين!$B:$C,2,FALSE),VLOOKUP(C6,المستفيدين!$B:$C,2,FALSE))),"") -> مستفيد138 | E6: =IFERROR(IF(C6="","",IF(B6="موظف",VLOOKUP(C6,الموظفين!$B:$H,7,FALSE),VLOOKUP(C6,المستفيدين!$B:$F,5,FALSE))),"") -> مدرسة إرادة وتمكين لمتلازمة داون (نجد) | F6: 45479 | G6: مرضي | H6: مسائي
A7: 6 | B7: مستفيد | C7: 1491276005 | D7: =IFERROR(IF(C7="","",IF(B7="موظف",VLOOKUP(C7,الموظفين!$B:$C,2,FALSE),VLOOKUP(C7,المستفيدين!$B:$C,2,FALSE))),"") -> مستفيد73 | E7: =IFERROR(IF(C7="","",IF(B7="موظف",VLOOKUP(C7,الموظفين!$B:$H,7,FALSE),VLOOKUP(C7,المستفيدين!$B:$F,5,FALSE))),"") -> مدرسة إرادة للتعليم (مكة) | F7: 45486 | G7: إجازة | H7: مسائي
A8: 7 | B8: مستفيد | C8: 1229115953 | D8: =IFERROR(IF(C8="","",IF(B8="موظف",VLOOKUP(C8,الموظفين!$B:$C,2,FALSE),VLOOKUP(C8,المستفيدين!$B:$C,2,FALSE))),"") -> مستفيد198 | E8: =IFERROR(IF(C8="","",IF(B8="موظف",VLOOKUP(C8,الموظفين!$B:$H,7,FALSE),VLOOKUP(C8,المستفيدين!$B:$F,5,FALSE))),"") -> مركز إرادة وتمكين للرعاية النهارية (القدس) | F8: 45487 | G8: مرضي | H8: مسائي | I8: تم إبلاغ الأسرة
A9: 8 | B9: مستفيد | C9: 1643206666 | D9: =IFERROR(IF(C9="","",IF(B9="موظف",VLOOKUP(C9,الموظفين!$B:$C,2,FALSE),VLOOKUP(C9,المستفيدين!$B:$C,2,FALSE))),"") -> مستفيد95 | E9: =IFERROR(IF(C9="","",IF(B9="موظف",VLOOKUP(C9,الموظفين!$B:$H,7,FALSE),VLOOKUP(C9,المستفيدين!$B:$F,5,FALSE))),"") -> مركز إرادة وتمكين لمتلازمة داون (نجد) | F9: 45496 | G9: غياب بعذر | H9: مسائي | I9: تكرار الغياب
A10: 9 | B10: مستفيد | C10: 1911132783 | D10: =IFERROR(IF(C10="","",IF(B10="موظف",VLOOKUP(C10,الموظفين!$B:$C,2,FALSE),VLOOKUP(C10,المستفيدين!$B:$C,2,FALSE))),"") -> مستفيد59 | E10: =IFERROR(IF(C10="","",IF(B10="موظف",VLOOKUP(C10,الموظفين!$B:$H,7,FALSE),VLOOKUP(C10,المستفيدين!$B:$F,5,FALSE))),"") -> مركز إرادة وتمكين للرعاية النهارية (القدس) | F10: 45509 | G10: غياب بعذر | H10: مسائي
A11: 10 | B11: موظف | C11: E045 | D11: =IFERROR(IF(C11="","",IF(B11="موظف",VLOOKUP(C11,الموظفين!$B:$C,2,FALSE),VLOOKUP(C11,المستفيدين!$B:$C,2,FALSE))),"") -> موظف45 | E11: =IFERROR(IF(C11="","",IF(B11="موظف",VLOOKUP(C11,الموظفين!$B:$H,7,FALSE),VLOOKUP(C11,المستفيدين!$B:$F,5,FALSE))),"") -> مركز إرادة وتمكين للرعاية النهارية (القدس) | F11: 45511 | G11: مرضي | H11: مسائي
A12: 11 | B12: مستفيد | C12: 1543372068 | D12: =IFERROR(IF(C12="","",IF(B12="موظف",VLOOKUP(C12,الموظفين!$B:$C,2,FALSE),VLOOKUP(C12,المستفيدين!$B:$C,2,FALSE))),"") -> مستفيد132 | E12: =IFERROR(IF(C12="","",IF(B12="موظف",VLOOKUP(C12,الموظفين!$B:$H,7,FALSE),VLOOKUP(C12,المستفيدين!$B:$F,5,FALSE))),"") -> مركز إرادة وتمكين للرعاية النهارية (القدس) | F12: 45531 | G12: غياب بدون عذر | H12: صباحي
A13: 12 | B13: مستفيد | C13: 1723683973 | D13: =IFERROR(IF(C13="","",IF(B13="موظف",VLOOKUP(C13,الموظفين!$B:$C,2,FALSE),VLOOKUP(C13,المستفيدين!$B:$C,2,FALSE))),"") -> مستفيد152 | E13: =IFERROR(IF(C13="","",IF(B13="موظف",VLOOKUP(C13,الموظفين!$B:$H,7,FALSE),VLOOKUP(C13,المستفيدين!$B:$F,5,FALSE))),"") -> مركز إرادة وتمكين لمتلازمة داون (نجد) | F13: 45538 | G13: مرضي | H13: مسائي | I13: تم إبلاغ الأسرة
A14: 13 | B14: مستفيد | C14: 1069215057 | D14: =IFERROR(IF(C14="","",IF(B14="موظف",VLOOKUP(C14,الموظفين!$B:$C,2,FALSE),VLOOKUP(C14,المستفيدين!$B:$C,2,FALSE))),"") -> مستفيد183 | E14: =IFERROR(IF(C14="","",IF(B14="موظف",VLOOKUP(C14,الموظفين!$B:$H,7,FALSE),VLOOKUP(C14,المستفيدين!$B:$F,5,FALSE))),"") -> مركز إرادة وتمكين لرعاية ذوي الاحتياجات الخاصة (جلمودة) | F14: 45541 | G14: غياب بدون عذر | H14: صباحي | I14: تم إبلاغ الأسرة
A15: 14 | B15: مستفيد | C15: 1484076714 | D15: =IFERROR(IF(C15="","",IF(B15="موظف",VLOOKUP(C15,الموظفين!$B:$C,2,FALSE),VLOOKUP(C15,المستفيدين!$B:$C,2,FALSE))),"") -> مستفيد126 | E15: =IFERROR(IF(C15="","",IF(B15="موظف",VLOOKUP(C15,الموظفين!$B:$H,7,FALSE),VLOOKUP(C15,المستفيدين!$B:$F,5,FALSE))),"") -> مركز إرادة وتمكين للرعاية النهارية (القدس) | F15: 45544 | G15: غياب بدون عذر | H15: صباحي
A16: 15 | B16: مستفيد | C16: 1754717023 | D16: =IFERROR(IF(C16="","",IF(B16="موظف",VLOOKUP(C16,الموظفين!$B:$C,2,FALSE),VLOOKUP(C16,المستفيدين!$B:$C,2,FALSE))),"") -> مستفيد57 | E16: =IFERROR(IF(C16="","",IF(B16="موظف",VLOOKUP(C16,الموظفين!$B:$H,7,FALSE),VLOOKUP(C16,المستفيدين!$B:$F,5,FALSE))),"") -> مركز إرادة وتمكين لمتلازمة داون (نجد) | F16: 45544 | G16: مرضي | H16: صباحي
A17: 16 | B17: موظف | C17: E002 | D17: =IFERROR(IF(C17="","",IF(B17="موظف",VLOOKUP(C17,الموظفين!$B:$C,2,FALSE),VLOOKUP(C17,المستفيدين!$B:$C,2,FALSE))),"") -> موظف2 | E17: =IFERROR(IF(C17="","",IF(B17="موظف",VLOOKUP(C17,الموظفين!$B:$H,7,FALSE),VLOOKUP(C17,المستفيدين!$B:$F,5,FALSE))),"") -> مدرسة إرادة للتعليم (مكة) | F17: 45547 | G17: غياب بعذر | H17: صباحي | I17: يحتاج متابعة
A18: 17 | B18: مستفيد | C18: 1511480692 | D18: =IFERROR(IF(C18="","",IF(B18="موظف",VLOOKUP(C18,الموظفين!$B:$C,2,FALSE),VLOOKUP(C18,المستفيدين!$B:$C,2,FALSE))),"") -> مستفيد37 | E18: =IFERROR(IF(C18="","",IF(B18="موظف",VLOOKUP(C18,الموظفين!$B:$H,7,FALSE),VLOOKUP(C18,المستفيدين!$B:$F,5,FALSE))),"") -> مدرسة إرادة وتمكين لمتلازمة داون (نجد) | F18: 45550 | G18: إجازة | H18: مسائي | I18: يحتاج متابعة
A19: 18 | B19: موظف | C19: E053 | D19: =IFERROR(IF(C19="","",IF(B19="موظف",VLOOKUP(C19,الموظفين!$B:$C,2,FALSE),VLOOKUP(C19,المستفيدين!$B:$C,2,FALSE))),"") -> موظف53 | E19: =IFERROR(IF(C19="","",IF(B19="موظف",VLOOKUP(C19,الموظفين!$B:$H,7,FALSE),VLOOKUP(C19,المستفيدين!$B:$F,5,FALSE))),"") -> مركز إرادة وتمكين لرعاية ذوي الاحتياجات الخاصة (جلمودة) | F19: 45550 | G19: غياب بعذر | H19: صباحي
A20: 19 | B20: موظف | C20: E037 | D20: =IFERROR(IF(C20="","",IF(B20="موظف",VLOOKUP(C20,الموظفين!$B:$C,2,FALSE),VLOOKUP(C20,المستفيدين!$B:$C,2,FALSE))),"") -> موظف37 | E20: =IFERROR(IF(C20="","",IF(B20="موظف",VLOOKUP(C20,الموظفين!$B:$H,7,FALSE),VLOOKUP(C20,المستفيدين!$B:$F,5,FALSE))),"") -> مدرسة إرادة وتمكين لمتلازمة داون (نجد) | F20: 45565 | G20: غياب بدون عذر | H20: صباحي | I20: تكرار الغياب
A21: 20 | B21: موظف | C21: E098 | D21: =IFERROR(IF(C21="","",IF(B21="موظف",VLOOKUP(C21,الموظفين!$B:$C,2,FALSE),VLOOKUP(C21,المستفيدين!$B:$C,2,FALSE))),"") -> موظف98 | E21: =IFERROR(IF(C21="","",IF(B21="موظف",VLOOKUP(C21,الموظفين!$B:$H,7,FALSE),VLOOKUP(C21,المستفيدين!$B:$F,5,FALSE))),"") -> مركز إرادة وتمكين لرعاية ذوي الاحتياجات الخاصة (جلمودة) | F21: 45595 | G21: مرضي | H21: صباحي
A22: 21 | B22: مستفيد | C22: 1181831202 | D22: =IFERROR(IF(C22="","",IF(B22="موظف",VLOOKUP(C22,الموظفين!$B:$C,2,FALSE),VLOOKUP(C22,المستفيدين!$B:$C,2,FALSE))),"") -> مستفيد137 | E22: =IFERROR(IF(C22="","",IF(B22="موظف",VLOOKUP(C22,الموظفين!$B:$H,7,FALSE),VLOOKUP(C22,المستفيدين!$B:$F,5,FALSE))),"") -> مركز إرادة وتمكين للرعاية النهارية (القدس) | F22: 45597 | G22: إجازة | H22: مسائي
A23: 22 | B23: موظف | C23: E070 | D23: =IFERROR(IF(C23="","",IF(B23="موظف",VLOOKUP(C23,الموظفين!$B:$C,2,FALSE),VLOOKUP(C23,المستفيدين!$B:$C,2,FALSE))),"") -> موظف70 | E23: =IFERROR(IF(C23="","",IF(B23="موظف",VLOOKUP(C23,الموظفين!$B:$H,7,FALSE),VLOOKUP(C23,المستفيدين!$B:$F,5,FALSE))),"") -> مركز إرادة وتمكين للرعاية النهارية (القدس) | F23: 45602 | G23: مرضي | H23: مسائي | I23: يحتاج متابعة
A24: 23 | B24: مستفيد | C24: 1368977349 | D24: =IFERROR(IF(C24="","",IF(B24="موظف",VLOOKUP(C24,الموظفين!$B:$C,2,FALSE),VLOOKUP(C24,المستفيدين!$B:$C,2,FALSE))),"") -> مستفيد147 | E24: =IFERROR(IF(C24="","",IF(B24="موظف",VLOOKUP(C24,الموظفين!$B:$H,7,FALSE),VLOOKUP(C24,المستفيدين!$B:$F,5,FALSE))),"") -> مركز إرادة وتمكين للرعاية النهارية (القدس) | F24: 45605 | G24: غياب بعذر | H24: صباحي | I24: تكرار الغياب
A25: 24 | B25: مستفيد | C25: 1130166119 | D25: =IFERROR(IF(C25="","",IF(B25="موظف",VLOOKUP(C25,الموظفين!$B:$C,2,FALSE),VLOOKUP(C25,المستفيدين!$B:$C,2,FALSE))),"") -> مستفيد103 | E25: =IFERROR(IF(C25="","",IF(B25="موظف",VLOOKUP(C25,الموظفين!$B:$H,7,FALSE),VLOOKUP(C25,المستفيدين!$B:$F,5,FALSE))),"") -> مركز إرادة وتمكين لمتلازمة داون (نجد) | F25: 45611 | G25: غياب بعذر | H25: مسائي | I25: يحتاج متابعة
A26: 25 | B26: موظف | C26: E009 | D26: =IFERROR(IF(C26="","",IF(B26="موظف",VLOOKUP(C26,الموظفين!$B:$C,2,FALSE),VLOOKUP(C26,المستفيدين!$B:$C,2,FALSE))),"") -> موظف9 | E26: =IFERROR(IF(C26="","",IF(B26="موظف",VLOOKUP(C26,الموظفين!$B:$H,7,FALSE),VLOOKUP(C26,المستفيدين!$B:$F,5,FALSE))),"") -> مدرسة إرادة للتعليم (مكة) | F26: 45612 | G26: إجازة | H26: صباحي
A27: 26 | B27: موظف | C27: E046 | D27: =IFERROR(IF(C27="","",IF(B27="موظف",VLOOKUP(C27,الموظفين!$B:$C,2,FALSE),VLOOKUP(C27,المستفيدين!$B:$C,2,FALSE))),"") -> موظف46 | E27: =IFERROR(IF(C27="","",IF(B27="موظف",VLOOKUP(C27,الموظفين!$B:$H,7,FALSE),VLOOKUP(C27,المستفيدين!$B:$F,5,FALSE))),"") -> مدرسة إرادة للتعليم (مكة) | F27: 45628 | G27: مرضي | H27: مسائي | I27: تم إبلاغ الأسرة
A28: 27 | B28: مستفيد | C28: 1612775609 | D28: =IFERROR(IF(C28="","",IF(B28="موظف",VLOOKUP(C28,الموظفين!$B:$C,2,FALSE),VLOOKUP(C28,المستفيدين!$B:$C,2,FALSE))),"") -> مستفيد158 | E28: =IFERROR(IF(C28="","",IF(B28="موظف",VLOOKUP(C28,الموظفين!$B:$H,7,FALSE),VLOOKUP(C28,المستفيدين!$B:$F,5,FALSE))),"") -> مركز إرادة وتمكين لمتلازمة داون (نجد) | F28: 45629 | G28: غياب بدون عذر | H28: صباحي | I28: تكرار الغياب
A29: 28 | B29: موظف | C29: E047 | D29: =IFERROR(IF(C29="","",IF(B29="موظف",VLOOKUP(C29,الموظفين!$B:$C,2,FALSE),VLOOKUP(C29,المستفيدين!$B:$C,2,FALSE))),"") -> موظف47 | E29: =IFERROR(IF(C29="","",IF(B29="موظف",VLOOKUP(C29,الموظفين!$B:$H,7,FALSE),VLOOKUP(C29,المستفيدين!$B:$F,5,FALSE))),"") -> مركز إرادة وتمكين لمتلازمة داون (نجد) | F29: 45635 | G29: مرضي | H29: صباحي
A30: 29 | B30: موظف | C30: E058 | D30: =IFERROR(IF(C30="","",IF(B30="موظف",VLOOKUP(C30,الموظفين!$B:$C,2,FALSE),VLOOKUP(C30,المستفيدين!$B:$C,2,FALSE))),"") -> موظف58 | E30: =IFERROR(IF(C30="","",IF(B30="موظف",VLOOKUP(C30,الموظفين!$B:$H,7,FALSE),VLOOKUP(C30,المستفيدين!$B:$F,5,FALSE))),"") -> مدرسة إرادة للتعليم (مكة) | F30: 45638 | G30: غياب بدون عذر | H30: مسائي
A31: 30 | B31: مستفيد | C31: 1239383239 | D31: =IFERROR(IF(C31="","",IF(B31="موظف",VLOOKUP(C31,الموظفين!$B:$C,2,FALSE),VLOOKUP(C31,المستفيدين!$B:$C,2,FALSE))),"") -> مستفيد13 | E31: =IFERROR(IF(C31="","",IF(B31="موظف",VLOOKUP(C31,الموظفين!$B:$H,7,FALSE),VLOOKUP(C31,المستفيدين!$B:$F,5,FALSE))),"") -> مركز إرادة وتمكين لرعاية ذوي الاحتياجات الخاصة (جلمودة) | F31: 45644 | G31: مرضي | H31: مسائي
A32: 31 | B32: مستفيد | C32: 1239970649 | D32: =IFERROR(IF(C32="","",IF(B32="موظف",VLOOKUP(C32,الموظفين!$B:$C,2,FALSE),VLOOKUP(C32,المستفيدين!$B:$C,2,FALSE))),"") -> مستفيد87 | E32: =IFERROR(IF(C32="","",IF(B32="موظف",VLOOKUP(C32,الموظفين!$B:$H,7,FALSE),VLOOKUP(C32,المستفيدين!$B:$F,5,FALSE))),"") -> مدرسة إرادة للتعليم (مكة) | F32: 45645 | G32: غياب بعذر | H32: مسائي
A33: 32 | B33: موظف | C33: E065 | D33: =IFERROR(IF(C33="","",IF(B33="موظف",VLOOKUP(C33,الموظفين!$B:$C,2,FALSE),VLOOKUP(C33,المستفيدين!$B:$C,2,FALSE))),"") -> موظف65 | E33: =IFERROR(IF(C33="","",IF(B33="موظف",VLOOKUP(C33,الموظفين!$B:$H,7,FALSE),VLOOKUP(C33,المستفيدين!$B:$F,5,FALSE))),"") -> مركز إرادة وتمكين لرعاية ذوي الاحتياجات الخاصة (جلمودة) | F33: 45654 | G33: غياب بدون عذر | H33: مسائي | I33: يحتاج متابعة
A34: 33 | B34: مستفيد | C34: 1096348523 | D34: =IFERROR(IF(C34="","",IF(B34="موظف",VLOOKUP(C34,الموظفين!$B:$C,2,FALSE),VLOOKUP(C34,المستفيدين!$B:$C,2,FALSE))),"") -> مستفيد4 | E34: =IFERROR(IF(C34="","",IF(B34="موظف",VLOOKUP(C34,الموظفين!$B:$H,7,FALSE),VLOOKUP(C34,المستفيدين!$B:$F,5,FALSE))),"") -> مدرسة إرادة للتعليم (مكة) | F34: 45657 | G34: غياب بدون عذر | H34: مسائي
A35: 34 | B35: مستفيد | C35: 1151017514 | D35: =IFERROR(IF(C35="","",IF(B35="موظف",VLOOKUP(C35,الموظفين!$B:$C,2,FALSE),VLOOKUP(C35,المستفيدين!$B:$C,2,FALSE))),"") -> مستفيد24 | E35: =IFERROR(IF(C35="","",IF(B35="موظف",VLOOKUP(C35,الموظفين!$B:$H,7,FALSE),VLOOKUP(C35,المستفيدين!$B:$F,5,FALSE))),"") -> مركز إرادة وتمكين للرعاية النهارية (القدس) | F35: 45657 | G35: إجازة | H35: مسائي | I35: تم إبلاغ الأسرة
A36: 35 | B36: مستفيد | C36: 1147655592 | D36: =IFERROR(IF(C36="","",IF(B36="موظف",VLOOKUP(C36,الموظفين!$B:$C,2,FALSE),VLOOKUP(C36,المستفيدين!$B:$C,2,FALSE))),"") -> مستفيد165 | E36: =IFERROR(IF(C36="","",IF(B36="موظف",VLOOKUP(C36,الموظفين!$B:$H,7,FALSE),VLOOKUP(C36,المستفيدين!$B:$F,5,FALSE))),"") -> مركز إرادة وتمكين لرعاية ذوي الاحتياجات الخاصة (جلمودة) | F36: 45666 | G36: غياب بعذر | H36: مسائي | I36: يحتاج متابعة
A37: 36 | B37: مستفيد | C37: 1358470403 | D37: =IFERROR(IF(C37="","",IF(B37="موظف",VLOOKUP(C37,الموظفين!$B:$C,2,FALSE),VLOOKUP(C37,المستفيدين!$B:$C,2,FALSE))),"") -> مستفيد200 | E37: =IFERROR(IF(C37="","",IF(B37="موظف",VLOOKUP(C37,الموظفين!$B:$H,7,FALSE),VLOOKUP(C37,المستفيدين!$B:$F,5,FALSE))),"") -> مركز إرادة وتمكين للرعاية النهارية (القدس) | F37: 45670 | G37: مرضي | H37: صباحي | I37: تم إبلاغ الأسرة
A38: 37 | B38: موظف | C38: E014 | D38: =IFERROR(IF(C38="","",IF(B38="موظف",VLOOKUP(C38,الموظفين!$B:$C,2,FALSE),VLOOKUP(C38,المستفيدين!$B:$C,2,FALSE))),"") -> موظف14 | E38: =IFERROR(IF(C38="","",IF(B38="موظف",VLOOKUP(C38,الموظفين!$B:$H,7,FALSE),VLOOKUP(C38,المستفيدين!$B:$F,5,FALSE))),"") -> مركز إرادة وتمكين لرعاية ذوي الاحتياجات الخاصة (جلمودة) | F38: 45684 | G38: مرضي | H38: صباحي
A39: 38 | B39: مستفيد | C39: 1580476879 | D39: =IFERROR(IF(C39="","",IF(B39="موظف",VLOOKUP(C39,الموظفين!$B:$C,2,FALSE),VLOOKUP(C39,المستفيدين!$B:$C,2,FALSE))),"") -> مستفيد82 | E39: =IFERROR(IF(C39="","",IF(B39="موظف",VLOOKUP(C39,الموظفين!$B:$H,7,FALSE),VLOOKUP(C39,المستفيدين!$B:$F,5,FALSE))),"") -> مدرسة إرادة للتعليم (مكة) | F39: 45692 | G39: إجازة | H39: صباحي
A40: 39 | B40: مستفيد | C40: 1839924869 | D40: =IFERROR(IF(C40="","",IF(B40="موظف",VLOOKUP(C40,الموظفين!$B:$C,2,FALSE),VLOOKUP(C40,المستفيدين!$B:$C,2,FALSE))),"") -> مستفيد14 | E40: =IFERROR(IF(C40="","",IF(B40="موظف",VLOOKUP(C40,الموظفين!$B:$H,7,FALSE),VLOOKUP(C40,المستفيدين!$B:$F,5,FALSE))),"") -> مدرسة إرادة وتمكين لمتلازمة داون (نجد) | F40: 45707 | G40: غياب بدون عذر | H40: صباحي
A41: 40 | B41: مستفيد | C41: 1345489113 | D41: =IFERROR(IF(C41="","",IF(B41="موظف",VLOOKUP(C41,الموظفين!$B:$C,2,FALSE),VLOOKUP(C41,المستفيدين!$B:$C,2,FALSE))),"") -> مستفيد124 | E41: =IFERROR(IF(C41="","",IF(B41="موظف",VLOOKUP(C41,الموظفين!$B:$H,7,FALSE),VLOOKUP(C41,المستفيدين!$B:$F,5,FALSE))),"") -> مركز إرادة وتمكين لرعاية ذوي الاحتياجات الخاصة (جلمودة) | F41: 45709 | G41: مرضي | H41: مسائي
A42: 41 | B42: مستفيد | C42: 1183545493 | D42: =IFERROR(IF(C42="","",IF(B42="موظف",VLOOKUP(C42,الموظفين!$B:$C,2,FALSE),VLOOKUP(C42,المستفيدين!$B:$C,2,FALSE))),"") -> مستفيد162 | E42: =IFERROR(IF(C42="","",IF(B42="موظف",VLOOKUP(C42,الموظفين!$B:$H,7,FALSE),VLOOKUP(C42,المستفيدين!$B:$F,5,FALSE))),"") -> مركز إرادة وتمكين لرعاية ذوي الاحتياجات الخاصة (جلمودة) | F42: 45724 | G42: غياب بدون عذر | H42: مسائي | I42: تم إبلاغ الأسرة
A43: 42 | B43: مستفيد | C43: 1846035977 | D43: =IFERROR(IF(C43="","",IF(B43="موظف",VLOOKUP(C43,الموظفين!$B:$C,2,FALSE),VLOOKUP(C43,المستفيدين!$B:$C,2,FALSE))),"") -> مستفيد62 | E43: =IFERROR(IF(C43="","",IF(B43="موظف",VLOOKUP(C43,الموظفين!$B:$H,7,FALSE),VLOOKUP(C43,المستفيدين!$B:$F,5,FALSE))),"") -> مدرسة إرادة للتعليم (مكة) | F43: 45727 | G43: إجازة | H43: صباحي | I43: تم إبلاغ الأسرة
A44: 43 | B44: مستفيد | C44: 1074930603 | D44: =IFERROR(IF(C44="","",IF(B44="موظف",VLOOKUP(C44,الموظفين!$B:$C,2,FALSE),VLOOKUP(C44,المستفيدين!$B:$C,2,FALSE))),"") -> مستفيد50 | E44: =IFERROR(IF(C44="","",IF(B44="موظف",VLOOKUP(C44,الموظفين!$B:$H,7,FALSE),VLOOKUP(C44,المستفيدين!$B:$F,5,FALSE))),"") -> مركز إرادة وتمكين لمتلازمة داون (نجد) | F44: 45742 | G44: غياب بعذر | H44: صباحي | I44: يحتاج متابعة
A45: 44 | B45: موظف | C45: E071 | D45: =IFERROR(IF(C45="","",IF(B45="موظف",VLOOKUP(C45,الموظفين!$B:$C,2,FALSE),VLOOKUP(C45,المستفيدين!$B:$C,2,FALSE))),"") -> موظف71 | E45: =IFERROR(IF(C45="","",IF(B45="موظف",VLOOKUP(C45,الموظفين!$B:$H,7,FALSE),VLOOKUP(C45,المستفيدين!$B:$F,5,FALSE))),"") -> مركز إرادة وتمكين لمتلازمة داون (نجد) | F45: 45761 | G45: إجازة | H45: صباحي | I45: يحتاج متابعة
A46: 45 | B46: موظف | C46: E091 | D46: =IFERROR(IF(C46="","",IF(B46="موظف",VLOOKUP(C46,الموظفين!$B:$C,2,FALSE),VLOOKUP(C46,المستفيدين!$B:$C,2,FALSE))),"") -> موظف91 | E46: =IFERROR(IF(C46="","",IF(B46="موظف",VLOOKUP(C46,الموظفين!$B:$H,7,FALSE),VLOOKUP(C46,المستفيدين!$B:$F,5,FALSE))),"") -> مركز إرادة وتمكين لمتلازمة داون (نجد) | F46: 45765 | G46: غياب بعذر | H46: مسائي | I46: يحتاج متابعة
A47: 46 | B47: مستفيد | C47: 1473361734 | D47: =IFERROR(IF(C47="","",IF(B47="موظف",VLOOKUP(C47,الموظفين!$B:$C,2,FALSE),VLOOKUP(C47,المستفيدين!$B:$C,2,FALSE))),"") -> مستفيد63 | E47: =IFERROR(IF(C47="","",IF(B47="موظف",VLOOKUP(C47,الموظفين!$B:$H,7,FALSE),VLOOKUP(C47,المستفيدين!$B:$F,5,FALSE))),"") -> مدرسة إرادة للتعليم (مكة) | F47: 45765 | G47: غياب بدون عذر | H47: مسائي | I47: يحتاج متابعة
A48: 47 | B48: مستفيد | C48: 1700680764 | D48: =IFERROR(IF(C48="","",IF(B48="موظف",VLOOKUP(C48,الموظفين!$B:$C,2,FALSE),VLOOKUP(C48,المستفيدين!$B:$C,2,FALSE))),"") -> مستفيد97 | E48: =IFERROR(IF(C48="","",IF(B48="موظف",VLOOKUP(C48,الموظفين!$B:$H,7,FALSE),VLOOKUP(C48,المستفيدين!$B:$F,5,FALSE))),"") -> مركز إرادة وتمكين لرعاية ذوي الاحتياجات الخاصة (جلمودة) | F48: 45770 | G48: مرضي | H48: مسائي
A49: 48 | B49: مستفيد | C49: 1688005726 | D49: =IFERROR(IF(C49="","",IF(B49="موظف",VLOOKUP(C49,الموظفين!$B:$C,2,FALSE),VLOOKUP(C49,المستفيدين!$B:$C,2,FALSE))),"") -> مستفيد16 | E49: =IFERROR(IF(C49="","",IF(B49="موظف",VLOOKUP(C49,الموظفين!$B:$H,7,FALSE),VLOOKUP(C49,المستفيدين!$B:$F,5,FALSE))),"") -> مركز إرادة وتمكين لرعاية ذوي الاحتياجات الخاصة (جلمودة) | F49: 45796 | G49: إجازة | H49: صباحي | I49: يحتاج متابعة
A50: 49 | B50: مستفيد | C50: 1506829260 | D50: =IFERROR(IF(C50="","",IF(B50="موظف",VLOOKUP(C50,الموظفين!$B:$C,2,FALSE),VLOOKUP(C50,المستفيدين!$B:$C,2,FALSE))),"") -> مستفيد181 | E50: =IFERROR(IF(C50="","",IF(B50="موظف",VLOOKUP(C50,الموظفين!$B:$H,7,FALSE),VLOOKUP(C50,المستفيدين!$B:$F,5,FALSE))),"") -> مركز إرادة وتمكين للرعاية النهارية (القدس) | F50: 45804 | G50: مرضي | H50: مسائي
A51: 50 | B51: مستفيد | C51: 1423056836 | D51: =IFERROR(IF(C51="","",IF(B51="موظف",VLOOKUP(C51,الموظفين!$B:$C,2,FALSE),VLOOKUP(C51,المستفيدين!$B:$C,2,FALSE))),"") -> مستفيد160 | E51: =IFERROR(IF(C51="","",IF(B51="موظف",VLOOKUP(C51,الموظفين!$B:$H,7,FALSE),VLOOKUP(C51,المستفيدين!$B:$F,5,FALSE))),"") -> مدرسة إرادة وتمكين لمتلازمة داون (نجد) | F51: 45805 | G51: غياب بعذر | H51: صباحي
A52: 51 | B52: موظف | C52: E096 | D52: =IFERROR(IF(C52="","",IF(B52="موظف",VLOOKUP(C52,الموظفين!$B:$C,2,FALSE),VLOOKUP(C52,المستفيدين!$B:$C,2,FALSE))),"") -> موظف96 | E52: =IFERROR(IF(C52="","",IF(B52="موظف",VLOOKUP(C52,الموظفين!$B:$H,7,FALSE),VLOOKUP(C52,المستفيدين!$B:$F,5,FALSE))),"") -> مدرسة إرادة للتعليم (مكة) | F52: 45815 | G52: غياب بعذر | H52: مسائي
A53: 52 | B53: موظف | C53: E056 | D53: =IFERROR(IF(C53="","",IF(B53="موظف",VLOOKUP(C53,الموظفين!$B:$C,2,FALSE),VLOOKUP(C53,المستفيدين!$B:$C,2,FALSE))),"") -> موظف56 | E53: =IFERROR(IF(C53="","",IF(B53="موظف",VLOOKUP(C53,الموظفين!$B:$H,7,FALSE),VLOOKUP(C53,المستفيدين!$B:$F,5,FALSE))),"") -> مدرسة إرادة وتمكين لمتلازمة داون (نجد) | F53: 45836 | G53: غياب بدون عذر | H53: مسائي
A54: 53 | B54: مستفيد | C54: 1074930603 | D54: =IFERROR(IF(C54="","",IF(B54="موظف",VLOOKUP(C54,الموظفين!$B:$C,2,FALSE),VLOOKUP(C54,المستفيدين!$B:$C,2,FALSE))),"") -> مستفيد50 | E54: =IFERROR(IF(C54="","",IF(B54="موظف",VLOOKUP(C54,الموظفين!$B:$H,7,FALSE),VLOOKUP(C54,المستفيدين!$B:$F,5,FALSE))),"") -> مركز إرادة وتمكين لمتلازمة داون (نجد) | F54: 45838 | G54: إجازة | H54: صباحي | I54: يحتاج متابعة
A55: 54 | B55: مستفيد | C55: 1917178608 | D55: =IFERROR(IF(C55="","",IF(B55="موظف",VLOOKUP(C55,الموظفين!$B:$C,2,FALSE),VLOOKUP(C55,المستفيدين!$B:$C,2,FALSE))),"") -> مستفيد90 | E55: =IFERROR(IF(C55="","",IF(B55="موظف",VLOOKUP(C55,الموظفين!$B:$H,7,FALSE),VLOOKUP(C55,المستفيدين!$B:$F,5,FALSE))),"") -> مركز إرادة وتمكين للرعاية النهارية (القدس) | F55: 45872 | G55: غياب بعذر | H55: مسائي
A56: 55 | B56: مستفيد | C56: 1854312995 | D56: =IFERROR(IF(C56="","",IF(B56="موظف",VLOOKUP(C56,الموظفين!$B:$C,2,FALSE),VLOOKUP(C56,المستفيدين!$B:$C,2,FALSE))),"") -> مستفيد7 | E56: =IFERROR(IF(C56="","",IF(B56="موظف",VLOOKUP(C56,الموظفين!$B:$H,7,FALSE),VLOOKUP(C56,المستفيدين!$B:$F,5,FALSE))),"") -> مدرسة إرادة وتمكين لمتلازمة داون (نجد) | F56: 45874 | G56: إجازة | H56: صباحي | I56: تم إبلاغ الأسرة
A57: 56 | B57: مستفيد | C57: 1098792726 | D57: =IFERROR(IF(C57="","",IF(B57="موظف",VLOOKUP(C57,الموظفين!$B:$C,2,FALSE),VLOOKUP(C57,المستفيدين!$B:$C,2,FALSE))),"") -> مستفيد140 | E57: =IFERROR(IF(C57="","",IF(B57="موظف",VLOOKUP(C57,الموظفين!$B:$H,7,FALSE),VLOOKUP(C57,المستفيدين!$B:$F,5,FALSE))),"") -> مدرسة إرادة وتمكين لمتلازمة داون (نجد) | F57: 45875 | G57: غياب بدون عذر | H57: مسائي | I57: تكرار الغياب
A58: 57 | B58: مستفيد | C58: 1296378535 | D58: =IFERROR(IF(C58="","",IF(B58="موظف",VLOOKUP(C58,الموظفين!$B:$C,2,FALSE),VLOOKUP(C58,المستفيدين!$B:$C,2,FALSE))),"") -> مستفيد156 | E58: =IFERROR(IF(C58="","",IF(B58="موظف",VLOOKUP(C58,الموظفين!$B:$H,7,FALSE),VLOOKUP(C58,المستفيدين!$B:$F,5,FALSE))),"") -> مركز إرادة وتمكين لمتلازمة داون (نجد) | F58: 45881 | G58: إجازة | H58: صباحي
A59: 58 | B59: مستفيد | C59: 1846035977 | D59: =IFERROR(IF(C59="","",IF(B59="موظف",VLOOKUP(C59,الموظفين!$B:$C,2,FALSE),VLOOKUP(C59,المستفيدين!$B:$C,2,FALSE))),"") -> مستفيد62 | E59: =IFERROR(IF(C59="","",IF(B59="موظف",VLOOKUP(C59,الموظفين!$B:$H,7,FALSE),VLOOKUP(C59,المستفيدين!$B:$F,5,FALSE))),"") -> مدرسة إرادة للتعليم (مكة) | F59: 45888 | G59: مرضي | H59: صباحي
A60: 59 | B60: موظف | C60: E022 | D60: =IFERROR(IF(C60="","",IF(B60="موظف",VLOOKUP(C60,الموظفين!$B:$C,2,FALSE),VLOOKUP(C60,المستفيدين!$B:$C,2,FALSE))),"") -> موظف22 | E60: =IFERROR(IF(C60="","",IF(B60="موظف",VLOOKUP(C60,الموظفين!$B:$H,7,FALSE),VLOOKUP(C60,المستفيدين!$B:$F,5,FALSE))),"") -> مدرسة إرادة للتعليم (مكة) | F60: 45889 | G60: غياب بدون عذر | H60: مسائي | I60: تكرار الغياب
A61: 60 | B61: مستفيد | C61: 1104352550 | D61: =IFERROR(IF(C61="","",IF(B61="موظف",VLOOKUP(C61,الموظفين!$B:$C,2,FALSE),VLOOKUP(C61,المستفيدين!$B:$C,2,FALSE))),"") -> مستفيد77 | E61: =IFERROR(IF(C61="","",IF(B61="موظف",VLOOKUP(C61,الموظفين!$B:$H,7,FALSE),VLOOKUP(C61,المستفيدين!$B:$F,5,FALSE))),"") -> مدرسة إرادة وتمكين لمتلازمة داون (نجد) | F61: 45899 | G61: مرضي | H61: صباحي
A62: 61 | B62: مستفيد | C62: 1687244119 | D62: =IFERROR(IF(C62="","",IF(B62="موظف",VLOOKUP(C62,الموظفين!$B:$C,2,FALSE),VLOOKUP(C62,المستفيدين!$B:$C,2,FALSE))),"") -> مستفيد154 | E62: =IFERROR(IF(C62="","",IF(B62="موظف",VLOOKUP(C62,الموظفين!$B:$H,7,FALSE),VLOOKUP(C62,المستفيدين!$B:$F,5,FALSE))),"") -> مركز إرادة وتمكين للرعاية النهارية (القدس) | F62: 45907 | G62: مرضي | H62: مسائي
A63: 62 | B63: موظف | C63: E012 | D63: =IFERROR(IF(C63="","",IF(B63="موظف",VLOOKUP(C63,الموظفين!$B:$C,2,FALSE),VLOOKUP(C63,المستفيدين!$B:$C,2,FALSE))),"") -> موظف12 | E63: =IFERROR(IF(C63="","",IF(B63="موظف",VLOOKUP(C63,الموظفين!$B:$H,7,FALSE),VLOOKUP(C63,المستفيدين!$B:$F,5,FALSE))),"") -> مدرسة إرادة للتعليم (مكة) | F63: 45912 | G63: إجازة | H63: صباحي
A64: 63 | B64: مستفيد | C64: 1994984803 | D64: =IFERROR(IF(C64="","",IF(B64="موظف",VLOOKUP(C64,الموظفين!$B:$C,2,FALSE),VLOOKUP(C64,المستفيدين!$B:$C,2,FALSE))),"") -> مستفيد122 | E64: =IFERROR(IF(C64="","",IF(B64="موظف",VLOOKUP(C64,الموظفين!$B:$H,7,FALSE),VLOOKUP(C64,المستفيدين!$B:$F,5,FALSE))),"") -> مركز إرادة وتمكين للرعاية النهارية (القدس) | F64: 45913 | G64: مرضي | H64: صباحي
A65: 64 | B65: مستفيد | C65: 1239383239 | D65: =IFERROR(IF(C65="","",IF(B65="موظف",VLOOKUP(C65,الموظفين!$B:$C,2,FALSE),VLOOKUP(C65,المستفيدين!$B:$C,2,FALSE))),"") -> مستفيد13 | E65: =IFERROR(IF(C65="","",IF(B65="موظف",VLOOKUP(C65,الموظفين!$B:$H,7,FALSE),VLOOKUP(C65,المستفيدين!$B:$F,5,FALSE))),"") -> مركز إرادة وتمكين لرعاية ذوي الاحتياجات الخاصة (جلمودة) | F65: 45915 | G65: غياب بدون عذر | H65: مسائي
A66: 65 | B66: مستفيد | C66: 1098792726 | D66: =IFERROR(IF(C66="","",IF(B66="موظف",VLOOKUP(C66,الموظفين!$B:$C,2,FALSE),VLOOKUP(C66,المستفيدين!$B:$C,2,FALSE))),"") -> مستفيد140 | E66: =IFERROR(IF(C66="","",IF(B66="موظف",VLOOKUP(C66,الموظفين!$B:$H,7,FALSE),VLOOKUP(C66,المستفيدين!$B:$F,5,FALSE))),"") -> مدرسة إرادة وتمكين لمتلازمة داون (نجد) | F66: 45930 | G66: غياب بعذر | H66: مسائي | I66: يحتاج متابعة
A67: 66 | B67: موظف | C67: E063 | D67: =IFERROR(IF(C67="","",IF(B67="موظف",VLOOKUP(C67,الموظفين!$B:$C,2,FALSE),VLOOKUP(C67,المستفيدين!$B:$C,2,FALSE))),"") -> موظف63 | E67: =IFERROR(IF(C67="","",IF(B67="موظف",VLOOKUP(C67,الموظفين!$B:$H,7,FALSE),VLOOKUP(C67,المستفيدين!$B:$F,5,FALSE))),"") -> مركز إرادة وتمكين لمتلازمة داون (نجد) | F67: 45938 | G67: مرضي | H67: مسائي
A68: 67 | B68: مستفيد | C68: 1640872800 | D68: =IFERROR(IF(C68="","",IF(B68="موظف",VLOOKUP(C68,الموظفين!$B:$C,2,FALSE),VLOOKUP(C68,المستفيدين!$B:$C,2,FALSE))),"") -> مستفيد173 | E68: =IFERROR(IF(C68="","",IF(B68="موظف",VLOOKUP(C68,الموظفين!$B:$H,7,FALSE),VLOOKUP(C68,المستفيدين!$B:$F,5,FALSE))),"") -> مركز إرادة وتمكين لرعاية ذوي الاحتياجات الخاصة (جلمودة) | F68: 45946 | G68: غياب بدون عذر | H68: مسائي
A69: 68 | B69: مستفيد | C69: 1742902647 | D69: =IFERROR(IF(C69="","",IF(B69="موظف",VLOOKUP(C69,الموظفين!$B:$C,2,FALSE),VLOOKUP(C69,المستفيدين!$B:$C,2,FALSE))),"") -> مستفيد109 | E69: =IFERROR(IF(C69="","",IF(B69="موظف",VLOOKUP(C69,الموظفين!$B:$H,7,FALSE),VLOOKUP(C69,المستفيدين!$B:$F,5,FALSE))),"") -> مركز إرادة وتمكين لرعاية ذوي الاحتياجات الخاصة (جلمودة) | F69: 45948 | G69: غياب بعذر | H69: صباحي | I69: تم إبلاغ الأسرة
A70: 69 | B70: مستفيد | C70: 1715340689 | D70: =IFERROR(IF(C70="","",IF(B70="موظف",VLOOKUP(C70,الموظفين!$B:$C,2,FALSE),VLOOKUP(C70,المستفيدين!$B:$C,2,FALSE))),"") -> مستفيد102 | E70: =IFERROR(IF(C70="","",IF(B70="موظف",VLOOKUP(C70,الموظفين!$B:$H,7,FALSE),VLOOKUP(C70,المستفيدين!$B:$F,5,FALSE))),"") -> مدرسة إرادة للتعليم (مكة) | F70: 45952 | G70: غياب بعذر | H70: صباحي
A71: 70 | B71: مستفيد | C71: 1845701828 | D71: =IFERROR(IF(C71="","",IF(B71="موظف",VLOOKUP(C71,الموظفين!$B:$C,2,FALSE),VLOOKUP(C71,المستفيدين!$B:$C,2,FALSE))),"") -> مستفيد192 | E71: =IFERROR(IF(C71="","",IF(B71="موظف",VLOOKUP(C71,الموظفين!$B:$H,7,FALSE),VLOOKUP(C71,المستفيدين!$B:$F,5,FALSE))),"") -> مركز إرادة وتمكين للرعاية النهارية (القدس) | F71: 45987 | G71: مرضي | H71: صباحي | I71: يحتاج متابعة
A72: 71 | B72: مستفيد | C72: 1715681493 | D72: =IFERROR(IF(C72="","",IF(B72="موظف",VLOOKUP(C72,الموظفين!$B:$C,2,FALSE),VLOOKUP(C72,المستفيدين!$B:$C,2,FALSE))),"") -> مستفيد105 | E72: =IFERROR(IF(C72="","",IF(B72="موظف",VLOOKUP(C72,الموظفين!$B:$H,7,FALSE),VLOOKUP(C72,المستفيدين!$B:$F,5,FALSE))),"") -> مركز إرادة وتمكين لمتلازمة داون (نجد) | F72: 45989 | G72: غياب بدون عذر | H72: مسائي
A73: 72 | B73: مستفيد | C73: 1668099269 | D73: =IFERROR(IF(C73="","",IF(B73="موظف",VLOOKUP(C73,الموظفين!$B:$C,2,FALSE),VLOOKUP(C73,المستفيدين!$B:$C,2,FALSE))),"") -> مستفيد20 | E73: =IFERROR(IF(C73="","",IF(B73="موظف",VLOOKUP(C73,الموظفين!$B:$H,7,FALSE),VLOOKUP(C73,المستفيدين!$B:$F,5,FALSE))),"") -> مركز إرادة وتمكين لرعاية ذوي الاحتياجات الخاصة (جلمودة) | F73: 45995 | G73: مرضي | H73: صباحي
A74: 73 | B74: مستفيد | C74: 1371671971 | D74: =IFERROR(IF(C74="","",IF(B74="موظف",VLOOKUP(C74,الموظفين!$B:$C,2,FALSE),VLOOKUP(C74,المستفيدين!$B:$C,2,FALSE))),"") -> مستفيد91 | E74: =IFERROR(IF(C74="","",IF(B74="موظف",VLOOKUP(C74,الموظفين!$B:$H,7,FALSE),VLOOKUP(C74,المستفيدين!$B:$F,5,FALSE))),"") -> مركز إرادة وتمكين لرعاية ذوي الاحتياجات الخاصة (جلمودة) | F74: 46052 | G74: غياب بعذر | H74: مسائي
A75: 74 | B75: مستفيد | C75: 1356048067 | D75: =IFERROR(IF(C75="","",IF(B75="موظف",VLOOKUP(C75,الموظفين!$B:$C,2,FALSE),VLOOKUP(C75,المستفيدين!$B:$C,2,FALSE))),"") -> مستفيد164 | E75: =IFERROR(IF(C75="","",IF(B75="موظف",VLOOKUP(C75,الموظفين!$B:$H,7,FALSE),VLOOKUP(C75,المستفيدين!$B:$F,5,FALSE))),"") -> مركز إرادة وتمكين لمتلازمة داون (نجد) | F75: 46069 | G75: إجازة | H75: مسائي | I75: يحتاج متابعة
A76: 75 | B76: مستفيد | C76: 1723683973 | D76: =IFERROR(IF(C76="","",IF(B76="موظف",VLOOKUP(C76,الموظفين!$B:$C,2,FALSE),VLOOKUP(C76,المستفيدين!$B:$C,2,FALSE))),"") -> مستفيد152 | E76: =IFERROR(IF(C76="","",IF(B76="موظف",VLOOKUP(C76,الموظفين!$B:$H,7,FALSE),VLOOKUP(C76,المستفيدين!$B:$F,5,FALSE))),"") -> مركز إرادة وتمكين لمتلازمة داون (نجد) | F76: 46076 | G76: غياب بدون عذر | H76: مسائي | I76: يحتاج متابعة
A77: 76 | B77: موظف | C77: E095 | D77: =IFERROR(IF(C77="","",IF(B77="موظف",VLOOKUP(C77,الموظفين!$B:$C,2,FALSE),VLOOKUP(C77,المستفيدين!$B:$C,2,FALSE))),"") -> موظف95 | E77: =IFERROR(IF(C77="","",IF(B77="موظف",VLOOKUP(C77,الموظفين!$B:$H,7,FALSE),VLOOKUP(C77,المستفيدين!$B:$F,5,FALSE))),"") -> مركز إرادة وتمكين لرعاية ذوي الاحتياجات الخاصة (جلمودة) | F77: 46092 | G77: إجازة | H77: صباحي
A78: 77 | B78: مستفيد | C78: 1181831202 | D78: =IFERROR(IF(C78="","",IF(B78="موظف",VLOOKUP(C78,الموظفين!$B:$C,2,FALSE),VLOOKUP(C78,المستفيدين!$B:$C,2,FALSE))),"") -> مستفيد137 | E78: =IFERROR(IF(C78="","",IF(B78="موظف",VLOOKUP(C78,الموظفين!$B:$H,7,FALSE),VLOOKUP(C78,المستفيدين!$B:$F,5,FALSE))),"") -> مركز إرادة وتمكين للرعاية النهارية (القدس) | F78: 46094 | G78: غياب بدون عذر | H78: صباحي
A79: 78 | B79: مستفيد | C79: 1751252727 | D79: =IFERROR(IF(C79="","",IF(B79="موظف",VLOOKUP(C79,الموظفين!$B:$C,2,FALSE),VLOOKUP(C79,المستفيدين!$B:$C,2,FALSE))),"") -> مستفيد131 | E79: =IFERROR(IF(C79="","",IF(B79="موظف",VLOOKUP(C79,الموظفين!$B:$H,7,FALSE),VLOOKUP(C79,المستفيدين!$B:$F,5,FALSE))),"") -> مركز إرادة وتمكين للرعاية النهارية (القدس) | F79: 46096 | G79: إجازة | H79: مسائي | I79: يحتاج متابعة
A80: 79 | B80: مستفيد | C80: 1076683920 | D80: =IFERROR(IF(C80="","",IF(B80="موظف",VLOOKUP(C80,الموظفين!$B:$C,2,FALSE),VLOOKUP(C80,المستفيدين!$B:$C,2,FALSE))),"") -> مستفيد92 | E80: =IFERROR(IF(C80="","",IF(B80="موظف",VLOOKUP(C80,الموظفين!$B:$H,7,FALSE),VLOOKUP(C80,المستفيدين!$B:$F,5,FALSE))),"") -> مركز إرادة وتمكين للرعاية النهارية (القدس) | F80: 46110 | G80: غياب بعذر | H80: صباحي
A81: 80 | B81: مستفيد | C81: 1020269730 | D81: =IFERROR(IF(C81="","",IF(B81="موظف",VLOOKUP(C81,الموظفين!$B:$C,2,FALSE),VLOOKUP(C81,المستفيدين!$B:$C,2,FALSE))),"") -> مستفيد32 | E81: =IFERROR(IF(C81="","",IF(B81="موظف",VLOOKUP(C81,الموظفين!$B:$H,7,FALSE),VLOOKUP(C81,المستفيدين!$B:$F,5,FALSE))),"") -> مدرسة إرادة للتعليم (مكة) | F81: 46128 | G81: إجازة | H81: صباحي | I81: يحتاج متابعة
D82: =IFERROR(IF(C82="","",IF(B82="موظف",VLOOKUP(C82,الموظفين!$B:$C,2,FALSE),VLOOKUP(C82,المستفيدين!$B:$C,2,FALSE))),"")
D83: =IFERROR(IF(C83="","",IF(B83="موظف",VLOOKUP(C83,الموظفين!$B:$C,2,FALSE),VLOOKUP(C83,المستفيدين!$B:$C,2,FALSE))),"")
D84: =IFERROR(IF(C84="","",IF(B84="موظف",VLOOKUP(C84,الموظفين!$B:$C,2,FALSE),VLOOKUP(C84,المستفيدين!$B:$C,2,FALSE))),"")
D85: =IFERROR(IF(C85="","",IF(B85="موظف",VLOOKUP(C85,الموظفين!$B:$C,2,FALSE),VLOOKUP(C85,المستفيدين!$B:$C,2,FALSE))),"")
D86: =IFERROR(IF(C86="","",IF(B86="موظف",VLOOKUP(C86,الموظفين!$B:$C,2,FALSE),VLOOKUP(C86,المستفيدين!$B:$C,2,FALSE))),"")
D87: =IFERROR(IF(C87="","",IF(B87="موظف",VLOOKUP(C87,الموظفين!$B:$C,2,FALSE),VLOOKUP(C87,المستفيدين!$B:$C,2,FALSE))),"")
D88: =IFERROR(IF(C88="","",IF(B88="موظف",VLOOKUP(C88,الموظفين!$B:$C,2,FALSE),VLOOKUP(C88,المستفيدين!$B:$C,2,FALSE))),"")
D89: =IFERROR(IF(C89="","",IF(B89="موظف",VLOOKUP(C89,الموظفين!$B:$C,2,FALSE),VLOOKUP(C89,المستفيدين!$B:$C,2,FALSE))),"")
D90: =IFERROR(IF(C90="","",IF(B90="موظف",VLOOKUP(C90,الموظفين!$B:$C,2,FALSE),VLOOKUP(C90,المستفيدين!$B:$C,2,FALSE))),"")
D91: =IFERROR(IF(C91="","",IF(B91="موظف",VLOOKUP(C91,الموظفين!$B:$C,2,FALSE),VLOOKUP(C91,المستفيدين!$B:$C,2,FALSE))),"")
D92: =IFERROR(IF(C92="","",IF(B92="موظف",VLOOKUP(C92,الموظفين!$B:$C,2,FALSE),VLOOKUP(C92,المستفيدين!$B:$C,2,FALSE))),"")
D93: =IFERROR(IF(C93="","",IF(B93="موظف",VLOOKUP(C93,الموظفين!$B:$C,2,FALSE),VLOOKUP(C93,المستفيدين!$B:$C,2,FALSE))),"")
... D1001: =IFERROR(IF(C1001="","",IF(B1001="موظف",VLOOKUP(C1001,الموظفين!$B:$C,2,FALSE),VLOOKUP(C1001,المستفيدين!$B:$C,2,FALSE))),"")

Sheet الحالة الإدارية
A1: م | B1: موظف / مستفيد | C1: الرقم الوظيفي / هوية المستفيد | D1: الإسم | E1: المركز / المدرسة | F1: التاريخ | G1: الحالة | H1: ملاحظات
A2: 1 | B2: مستفيد | C2: 1688005726 | D2: =IFERROR(IF(C2="","",IF(B2="موظف",VLOOKUP(C2,الموظفين!$B:$C,2,FALSE),VLOOKUP(C2,المستفيدين!$B:$C,2,FALSE))),"") -> مستفيد16 | E2: =IFERROR(IF(C2="","",IF(B2="موظف",VLOOKUP(C2,الموظفين!$B:$H,7,FALSE),VLOOKUP(C2,المستفيدين!$B:$F,5,FALSE))),"") -> مركز إرادة وتمكين لرعاية ذوي الاحتياجات الخاصة (جلمودة) | F2: 45831 | G2: تم الدمج | H2: بناءً على تقرير الأخصائي
A3: 2 | B3: مستفيد | C3: 1065397512 | D3: =IFERROR(IF(C3="","",IF(B3="موظف",VLOOKUP(C3,الموظفين!$B:$C,2,FALSE),VLOOKUP(C3,المستفيدين!$B:$C,2,FALSE))),"") -> مستفيد2 | E3: =IFERROR(IF(C3="","",IF(B3="موظف",VLOOKUP(C3,الموظفين!$B:$H,7,FALSE),VLOOKUP(C3,المستفيدين!$B:$F,5,FALSE))),"") -> مدرسة إرادة وتمكين لمتلازمة داون (نجد) | F3: 45839 | G3: تخرج | H3: تم إبلاغ ولي الأمر
A4: 3 | B4: مستفيد | C4: 1284752099 | D4: =IFERROR(IF(C4="","",IF(B4="موظف",VLOOKUP(C4,الموظفين!$B:$C,2,FALSE),VLOOKUP(C4,المستفيدين!$B:$C,2,FALSE))),"") -> مستفيد19 | E4: =IFERROR(IF(C4="","",IF(B4="موظف",VLOOKUP(C4,الموظفين!$B:$H,7,FALSE),VLOOKUP(C4,المستفيدين!$B:$F,5,FALSE))),"") -> مركز إرادة وتمكين لمتلازمة داون (نجد) | F4: 45918 | G4: تم الدمج
A5: 4 | B5: مستفيد | C5: 1688005726 | D5: =IFERROR(IF(C5="","",IF(B5="موظف",VLOOKUP(C5,الموظفين!$B:$C,2,FALSE),VLOOKUP(C5,المستفيدين!$B:$C,2,FALSE))),"") -> مستفيد16 | E5: =IFERROR(IF(C5="","",IF(B5="موظف",VLOOKUP(C5,الموظفين!$B:$H,7,FALSE),VLOOKUP(C5,المستفيدين!$B:$F,5,FALSE))),"") -> مركز إرادة وتمكين لرعاية ذوي الاحتياجات الخاصة (جلمودة) | F5: 45601 | G5: متوقف | H5: بقرار من الإدارة
A6: 5 | B6: مستفيد | C6: 1025469854 | D6: =IFERROR(IF(C6="","",IF(B6="موظف",VLOOKUP(C6,الموظفين!$B:$C,2,FALSE),VLOOKUP(C6,المستفيدين!$B:$C,2,FALSE))),"") -> مستفيد1 | E6: =IFERROR(IF(C6="","",IF(B6="موظف",VLOOKUP(C6,الموظفين!$B:$H,7,FALSE),VLOOKUP(C6,المستفيدين!$B:$F,5,FALSE))),"") -> مركز إرادة وتمكين للرعاية النهارية (القدس) | F6: 45823 | G6: طي قيد | H6: بناءً على تقرير الأخصائي
A7: 6 | B7: موظف | C7: E028 | D7: =IFERROR(IF(C7="","",IF(B7="موظف",VLOOKUP(C7,الموظفين!$B:$C,2,FALSE),VLOOKUP(C7,المستفيدين!$B:$C,2,FALSE))),"") -> موظف28 | E7: =IFERROR(IF(C7="","",IF(B7="موظف",VLOOKUP(C7,الموظفين!$B:$H,7,FALSE),VLOOKUP(C7,المستفيدين!$B:$F,5,FALSE))),"") -> مركز إرادة وتمكين لرعاية ذوي الاحتياجات الخاصة (جلمودة) | F7: 45415 | G7: إعادة قيد
A8: 7 | B8: موظف | C8: E023 | D8: =IFERROR(IF(C8="","",IF(B8="موظف",VLOOKUP(C8,الموظفين!$B:$C,2,FALSE),VLOOKUP(C8,المستفيدين!$B:$C,2,FALSE))),"") -> موظف23 | E8: =IFERROR(IF(C8="","",IF(B8="موظف",VLOOKUP(C8,الموظفين!$B:$H,7,FALSE),VLOOKUP(C8,المستفيدين!$B:$F,5,FALSE))),"") -> مدرسة إرادة للتعليم (مكة) | F8: 45313 | G8: إنهاء خدمة
A9: 8 | B9: مستفيد | C9: 1215214714 | D9: =IFERROR(IF(C9="","",IF(B9="موظف",VLOOKUP(C9,الموظفين!$B:$C,2,FALSE),VLOOKUP(C9,المستفيدين!$B:$C,2,FALSE))),"") -> مستفيد18 | E9: =IFERROR(IF(C9="","",IF(B9="موظف",VLOOKUP(C9,الموظفين!$B:$H,7,FALSE),VLOOKUP(C9,المستفيدين!$B:$F,5,FALSE))),"") -> مركز إرادة وتمكين لرعاية ذوي الاحتياجات الخاصة (جلمودة) | F9: 45749 | G9: إعادة قيد
A10: 9 | B10: مستفيد | C10: 1617014847 | D10: =IFERROR(IF(C10="","",IF(B10="موظف",VLOOKUP(C10,الموظفين!$B:$C,2,FALSE),VLOOKUP(C10,المستفيدين!$B:$C,2,FALSE))),"") -> مستفيد15 | E10: =IFERROR(IF(C10="","",IF(B10="موظف",VLOOKUP(C10,الموظفين!$B:$H,7,FALSE),VLOOKUP(C10,المستفيدين!$B:$F,5,FALSE))),"") -> مدرسة إرادة للتعليم (مكة) | F10: 45555 | G10: تم الدمج
A11: 10 | B11: مستفيد | C11: 1777789161 | D11: =IFERROR(IF(C11="","",IF(B11="موظف",VLOOKUP(C11,الموظفين!$B:$C,2,FALSE),VLOOKUP(C11,المستفيدين!$B:$C,2,FALSE))),"") -> مستفيد12 | E11: =IFERROR(IF(C11="","",IF(B11="موظف",VLOOKUP(C11,الموظفين!$B:$H,7,FALSE),VLOOKUP(C11,المستفيدين!$B:$F,5,FALSE))),"") -> مدرسة إرادة للتعليم (مكة) | F11: 45667 | G11: إعادة قيد | H11: تم التنسيق مع الجهة المختصة
A12: 11 | B12: مستفيد | C12: 1617014847 | D12: =IFERROR(IF(C12="","",IF(B12="موظف",VLOOKUP(C12,الموظفين!$B:$C,2,FALSE),VLOOKUP(C12,المستفيدين!$B:$C,2,FALSE))),"") -> مستفيد15 | E12: =IFERROR(IF(C12="","",IF(B12="موظف",VLOOKUP(C12,الموظفين!$B:$H,7,FALSE),VLOOKUP(C12,المستفيدين!$B:$F,5,FALSE))),"") -> مدرسة إرادة للتعليم (مكة) | F12: 45616 | G12: تم الدمج | H12: تم إبلاغ ولي الأمر
A13: 12 | B13: مستفيد | C13: 1231607400 | D13: =IFERROR(IF(C13="","",IF(B13="موظف",VLOOKUP(C13,الموظفين!$B:$C,2,FALSE),VLOOKUP(C13,المستفيدين!$B:$C,2,FALSE))),"") -> مستفيد11 | E13: =IFERROR(IF(C13="","",IF(B13="موظف",VLOOKUP(C13,الموظفين!$B:$H,7,FALSE),VLOOKUP(C13,المستفيدين!$B:$F,5,FALSE))),"") -> مركز إرادة وتمكين لمتلازمة داون (نجد) | F13: 45637 | G13: متوقف
A14: 13 | B14: مستفيد | C14: 1911743491 | D14: =IFERROR(IF(C14="","",IF(B14="موظف",VLOOKUP(C14,الموظفين!$B:$C,2,FALSE),VLOOKUP(C14,المستفيدين!$B:$C,2,FALSE))),"") -> مستفيد8 | E14: =IFERROR(IF(C14="","",IF(B14="موظف",VLOOKUP(C14,الموظفين!$B:$H,7,FALSE),VLOOKUP(C14,المستفيدين!$B:$F,5,FALSE))),"") -> مركز إرادة وتمكين لمتلازمة داون (نجد) | F14: 45962 | G14: إعادة قيد | H14: تم إبلاغ ولي الأمر
A15: 14 | B15: موظف | C15: E016 | D15: =IFERROR(IF(C15="","",IF(B15="موظف",VLOOKUP(C15,الموظفين!$B:$C,2,FALSE),VLOOKUP(C15,المستفيدين!$B:$C,2,FALSE))),"") -> موظف16 | E15: =IFERROR(IF(C15="","",IF(B15="موظف",VLOOKUP(C15,الموظفين!$B:$H,7,FALSE),VLOOKUP(C15,المستفيدين!$B:$F,5,FALSE))),"") -> مدرسة إرادة للتعليم (مكة) | F15: 45425 | G15: إعادة قيد | H15: بقرار من الإدارة
A16: 15 | B16: مستفيد | C16: 1889143921 | D16: =IFERROR(IF(C16="","",IF(B16="موظف",VLOOKUP(C16,الموظفين!$B:$C,2,FALSE),VLOOKUP(C16,المستفيدين!$B:$C,2,FALSE))),"") -> مستفيد6 | E16: =IFERROR(IF(C16="","",IF(B16="موظف",VLOOKUP(C16,الموظفين!$B:$H,7,FALSE),VLOOKUP(C16,المستفيدين!$B:$F,5,FALSE))),"") -> مركز إرادة وتمكين لرعاية ذوي الاحتياجات الخاصة (جلمودة) | F16: 45660 | G16: طي قيد | H16: تم التنسيق مع الجهة المختصة
A17: 16 | B17: مستفيد | C17: 1065397512 | D17: =IFERROR(IF(C17="","",IF(B17="موظف",VLOOKUP(C17,الموظفين!$B:$C,2,FALSE),VLOOKUP(C17,المستفيدين!$B:$C,2,FALSE))),"") -> مستفيد2 | E17: =IFERROR(IF(C17="","",IF(B17="موظف",VLOOKUP(C17,الموظفين!$B:$H,7,FALSE),VLOOKUP(C17,المستفيدين!$B:$F,5,FALSE))),"") -> مدرسة إرادة وتمكين لمتلازمة داون (نجد) | F17: 45499 | G17: متوقف | H17: تم التنسيق مع الجهة المختصة
A18: 17 | B18: موظف | C18: E005 | D18: =IFERROR(IF(C18="","",IF(B18="موظف",VLOOKUP(C18,الموظفين!$B:$C,2,FALSE),VLOOKUP(C18,المستفيدين!$B:$C,2,FALSE))),"") -> موظف5 | E18: =IFERROR(IF(C18="","",IF(B18="موظف",VLOOKUP(C18,الموظفين!$B:$H,7,FALSE),VLOOKUP(C18,المستفيدين!$B:$F,5,FALSE))),"") -> مركز إرادة وتمكين للرعاية النهارية (القدس) | F18: 45876 | G18: إنهاء خدمة | H18: حسب المتابعة
A19: 18 | B19: مستفيد | C19: 1215214714 | D19: =IFERROR(IF(C19="","",IF(B19="موظف",VLOOKUP(C19,الموظفين!$B:$C,2,FALSE),VLOOKUP(C19,المستفيدين!$B:$C,2,FALSE))),"") -> مستفيد18 | E19: =IFERROR(IF(C19="","",IF(B19="موظف",VLOOKUP(C19,الموظفين!$B:$H,7,FALSE),VLOOKUP(C19,المستفيدين!$B:$F,5,FALSE))),"") -> مركز إرادة وتمكين لرعاية ذوي الاحتياجات الخاصة (جلمودة) | F19: 45625 | G19: طي قيد | H19: حسب المتابعة
A20: 19 | B20: موظف | C20: E020 | D20: =IFERROR(IF(C20="","",IF(B20="موظف",VLOOKUP(C20,الموظفين!$B:$C,2,FALSE),VLOOKUP(C20,المستفيدين!$B:$C,2,FALSE))),"") -> موظف20 | E20: =IFERROR(IF(C20="","",IF(B20="موظف",VLOOKUP(C20,الموظفين!$B:$H,7,FALSE),VLOOKUP(C20,المستفيدين!$B:$F,5,FALSE))),"") -> مركز إرادة وتمكين لمتلازمة داون (نجد) | F20: 45678 | G20: متوقف
A21: 20 | B21: مستفيد | C21: 1839924869 | D21: =IFERROR(IF(C21="","",IF(B21="موظف",VLOOKUP(C21,الموظفين!$B:$C,2,FALSE),VLOOKUP(C21,المستفيدين!$B:$C,2,FALSE))),"") -> مستفيد14 | E21: =IFERROR(IF(C21="","",IF(B21="موظف",VLOOKUP(C21,الموظفين!$B:$H,7,FALSE),VLOOKUP(C21,المستفيدين!$B:$F,5,FALSE))),"") -> مدرسة إرادة وتمكين لمتلازمة داون (نجد) | F21: 45569 | G21: طي قيد | H21: حسب المتابعة
A22: 21 | B22: مستفيد | C22: 1347584820 | D22: =IFERROR(IF(C22="","",IF(B22="موظف",VLOOKUP(C22,الموظفين!$B:$C,2,FALSE),VLOOKUP(C22,المستفيدين!$B:$C,2,FALSE))),"") -> مستفيد9 | E22: =IFERROR(IF(C22="","",IF(B22="موظف",VLOOKUP(C22,الموظفين!$B:$H,7,FALSE),VLOOKUP(C22,المستفيدين!$B:$F,5,FALSE))),"") -> مركز إرادة وتمكين للرعاية النهارية (القدس) | F22: 45531 | G22: تخرج
A23: 22 | B23: مستفيد | C23: 1096348523 | D23: =IFERROR(IF(C23="","",IF(B23="موظف",VLOOKUP(C23,الموظفين!$B:$C,2,FALSE),VLOOKUP(C23,المستفيدين!$B:$C,2,FALSE))),"") -> مستفيد4 | E23: =IFERROR(IF(C23="","",IF(B23="موظف",VLOOKUP(C23,الموظفين!$B:$H,7,FALSE),VLOOKUP(C23,المستفيدين!$B:$F,5,FALSE))),"") -> مدرسة إرادة للتعليم (مكة) | F23: 45798 | G23: تخرج | H23: بقرار من الإدارة
A24: 23 | B24: موظف | C24: E007 | D24: =IFERROR(IF(C24="","",IF(B24="موظف",VLOOKUP(C24,الموظفين!$B:$C,2,FALSE),VLOOKUP(C24,المستفيدين!$B:$C,2,FALSE))),"") -> موظف7 | E24: =IFERROR(IF(C24="","",IF(B24="موظف",VLOOKUP(C24,الموظفين!$B:$H,7,FALSE),VLOOKUP(C24,المستفيدين!$B:$F,5,FALSE))),"") -> مدرسة إرادة للتعليم (مكة) | F24: 45903 | G24: متوقف | H24: بقرار من الإدارة
A25: 24 | B25: مستفيد | C25: 1215214714 | D25: =IFERROR(IF(C25="","",IF(B25="موظف",VLOOKUP(C25,الموظفين!$B:$C,2,FALSE),VLOOKUP(C25,المستفيدين!$B:$C,2,FALSE))),"") -> مستفيد18 | E25: =IFERROR(IF(C25="","",IF(B25="موظف",VLOOKUP(C25,الموظفين!$B:$H,7,FALSE),VLOOKUP(C25,المستفيدين!$B:$F,5,FALSE))),"") -> مركز إرادة وتمكين لرعاية ذوي الاحتياجات الخاصة (جلمودة) | F25: 45379 | G25: تخرج | H25: بناءً على تقرير الأخصائي
A26: 25 | B26: مستفيد | C26: 1777789161 | D26: =IFERROR(IF(C26="","",IF(B26="موظف",VLOOKUP(C26,الموظفين!$B:$C,2,FALSE),VLOOKUP(C26,المستفيدين!$B:$C,2,FALSE))),"") -> مستفيد12 | E26: =IFERROR(IF(C26="","",IF(B26="موظف",VLOOKUP(C26,الموظفين!$B:$H,7,FALSE),VLOOKUP(C26,المستفيدين!$B:$F,5,FALSE))),"") -> مدرسة إرادة للتعليم (مكة) | F26: 45860 | G26: إعادة قيد | H26: حسب المتابعة
A27: 26 | B27: مستفيد | C27: 1777789161 | D27: =IFERROR(IF(C27="","",IF(B27="موظف",VLOOKUP(C27,الموظفين!$B:$C,2,FALSE),VLOOKUP(C27,المستفيدين!$B:$C,2,FALSE))),"") -> مستفيد12 | E27: =IFERROR(IF(C27="","",IF(B27="موظف",VLOOKUP(C27,الموظفين!$B:$H,7,FALSE),VLOOKUP(C27,المستفيدين!$B:$F,5,FALSE))),"") -> مدرسة إرادة للتعليم (مكة) | F27: 45478 | G27: متوقف | H27: تم إبلاغ ولي الأمر
A28: 27 | B28: مستفيد | C28: 1889143921 | D28: =IFERROR(IF(C28="","",IF(B28="موظف",VLOOKUP(C28,الموظفين!$B:$C,2,FALSE),VLOOKUP(C28,المستفيدين!$B:$C,2,FALSE))),"") -> مستفيد6 | E28: =IFERROR(IF(C28="","",IF(B28="موظف",VLOOKUP(C28,الموظفين!$B:$H,7,FALSE),VLOOKUP(C28,المستفيدين!$B:$F,5,FALSE))),"") -> مركز إرادة وتمكين لرعاية ذوي الاحتياجات الخاصة (جلمودة) | F28: 45869 | G28: طي قيد
A29: 28 | B29: مستفيد | C29: 1284752099 | D29: =IFERROR(IF(C29="","",IF(B29="موظف",VLOOKUP(C29,الموظفين!$B:$C,2,FALSE),VLOOKUP(C29,المستفيدين!$B:$C,2,FALSE))),"") -> مستفيد19 | E29: =IFERROR(IF(C29="","",IF(B29="موظف",VLOOKUP(C29,الموظفين!$B:$H,7,FALSE),VLOOKUP(C29,المستفيدين!$B:$F,5,FALSE))),"") -> مركز إرادة وتمكين لمتلازمة داون (نجد) | F29: 45864 | G29: تخرج | H29: بناءً على تقرير الأخصائي
A30: 29 | B30: موظف | C30: E029 | D30: =IFERROR(IF(C30="","",IF(B30="موظف",VLOOKUP(C30,الموظفين!$B:$C,2,FALSE),VLOOKUP(C30,المستفيدين!$B:$C,2,FALSE))),"") -> موظف29 | E30: =IFERROR(IF(C30="","",IF(B30="موظف",VLOOKUP(C30,الموظفين!$B:$H,7,FALSE),VLOOKUP(C30,المستفيدين!$B:$F,5,FALSE))),"") -> مركز إرادة وتمكين لرعاية ذوي الاحتياجات الخاصة (جلمودة) | F30: 45696 | G30: إنهاء خدمة
A31: 30 | B31: موظف | C31: E018 | D31: =IFERROR(IF(C31="","",IF(B31="موظف",VLOOKUP(C31,الموظفين!$B:$C,2,FALSE),VLOOKUP(C31,المستفيدين!$B:$C,2,FALSE))),"") -> موظف18 | E31: =IFERROR(IF(C31="","",IF(B31="موظف",VLOOKUP(C31,الموظفين!$B:$H,7,FALSE),VLOOKUP(C31,المستفيدين!$B:$F,5,FALSE))),"") -> مركز إرادة وتمكين للرعاية النهارية (القدس) | F31: 45600 | G31: إنهاء خدمة | H31: حسب المتابعة
A32: 31 | B32: مستفيد | C32: 1124422216 | D32: =IFERROR(IF(C32="","",IF(B32="موظف",VLOOKUP(C32,الموظفين!$B:$C,2,FALSE),VLOOKUP(C32,المستفيدين!$B:$C,2,FALSE))),"") -> مستفيد5 | E32: =IFERROR(IF(C32="","",IF(B32="موظف",VLOOKUP(C32,الموظفين!$B:$H,7,FALSE),VLOOKUP(C32,المستفيدين!$B:$F,5,FALSE))),"") -> مركز إرادة وتمكين لمتلازمة داون (نجد) | F32: 45809 | G32: إعادة قيد | H32: بناءً على تقرير الأخصائي
A33: 32 | B33: مستفيد | C33: 1096348523 | D33: =IFERROR(IF(C33="","",IF(B33="موظف",VLOOKUP(C33,الموظفين!$B:$C,2,FALSE),VLOOKUP(C33,المستفيدين!$B:$C,2,FALSE))),"") -> مستفيد4 | E33: =IFERROR(IF(C33="","",IF(B33="موظف",VLOOKUP(C33,الموظفين!$B:$H,7,FALSE),VLOOKUP(C33,المستفيدين!$B:$F,5,FALSE))),"") -> مدرسة إرادة للتعليم (مكة) | F33: 45856 | G33: إعادة قيد | H33: بناءً على تقرير الأخصائي
A34: 33 | B34: مستفيد | C34: 1617014847 | D34: =IFERROR(IF(C34="","",IF(B34="موظف",VLOOKUP(C34,الموظفين!$B:$C,2,FALSE),VLOOKUP(C34,المستفيدين!$B:$C,2,FALSE))),"") -> مستفيد15 | E34: =IFERROR(IF(C34="","",IF(B34="موظف",VLOOKUP(C34,الموظفين!$B:$H,7,FALSE),VLOOKUP(C34,المستفيدين!$B:$F,5,FALSE))),"") -> مدرسة إرادة للتعليم (مكة) | F34: 45974 | G34: متوقف
A35: 34 | B35: مستفيد | C35: 1911743491 | D35: =IFERROR(IF(C35="","",IF(B35="موظف",VLOOKUP(C35,الموظفين!$B:$C,2,FALSE),VLOOKUP(C35,المستفيدين!$B:$C,2,FALSE))),"") -> مستفيد8 | E35: =IFERROR(IF(C35="","",IF(B35="موظف",VLOOKUP(C35,الموظفين!$B:$H,7,FALSE),VLOOKUP(C35,المستفيدين!$B:$F,5,FALSE))),"") -> مركز إرادة وتمكين لمتلازمة داون (نجد) | F35: 45696 | G35: تخرج | H35: بناءً على تقرير الأخصائي
A36: 35 | B36: مستفيد | C36: 1854312995 | D36: =IFERROR(IF(C36="","",IF(B36="موظف",VLOOKUP(C36,الموظفين!$B:$C,2,FALSE),VLOOKUP(C36,المستفيدين!$B:$C,2,FALSE))),"") -> مستفيد7 | E36: =IFERROR(IF(C36="","",IF(B36="موظف",VLOOKUP(C36,الموظفين!$B:$H,7,FALSE),VLOOKUP(C36,المستفيدين!$B:$F,5,FALSE))),"") -> مدرسة إرادة وتمكين لمتلازمة داون (نجد) | F36: 45957 | G36: إعادة قيد | H36: تم إبلاغ ولي الأمر
A37: 36 | B37: موظف | C37: E028 | D37: =IFERROR(IF(C37="","",IF(B37="موظف",VLOOKUP(C37,الموظفين!$B:$C,2,FALSE),VLOOKUP(C37,المستفيدين!$B:$C,2,FALSE))),"") -> موظف28 | E37: =IFERROR(IF(C37="","",IF(B37="موظف",VLOOKUP(C37,الموظفين!$B:$H,7,FALSE),VLOOKUP(C37,المستفيدين!$B:$F,5,FALSE))),"") -> مركز إرادة وتمكين لرعاية ذوي الاحتياجات الخاصة (جلمودة) | F37: 45588 | G37: متوقف
A38: 37 | B38: مستفيد | C38: 1763354093 | D38: =IFERROR(IF(C38="","",IF(B38="موظف",VLOOKUP(C38,الموظفين!$B:$C,2,FALSE),VLOOKUP(C38,المستفيدين!$B:$C,2,FALSE))),"") -> مستفيد10 | E38: =IFERROR(IF(C38="","",IF(B38="موظف",VLOOKUP(C38,الموظفين!$B:$H,7,FALSE),VLOOKUP(C38,المستفيدين!$B:$F,5,FALSE))),"") -> مركز إرادة وتمكين للرعاية النهارية (القدس) | F38: 45524 | G38: تم الدمج | H38: حسب المتابعة
A39: 38 | B39: مستفيد | C39: 1911743491 | D39: =IFERROR(IF(C39="","",IF(B39="موظف",VLOOKUP(C39,الموظفين!$B:$C,2,FALSE),VLOOKUP(C39,المستفيدين!$B:$C,2,FALSE))),"") -> مستفيد8 | E39: =IFERROR(IF(C39="","",IF(B39="موظف",VLOOKUP(C39,الموظفين!$B:$H,7,FALSE),VLOOKUP(C39,المستفيدين!$B:$F,5,FALSE))),"") -> مركز إرادة وتمكين لمتلازمة داون (نجد) | F39: 45298 | G39: إعادة قيد | H39: تم التنسيق مع الجهة المختصة
A40: 39 | B40: مستفيد | C40: 1284752099 | D40: =IFERROR(IF(C40="","",IF(B40="موظف",VLOOKUP(C40,الموظفين!$B:$C,2,FALSE),VLOOKUP(C40,المستفيدين!$B:$C,2,FALSE))),"") -> مستفيد19 | E40: =IFERROR(IF(C40="","",IF(B40="موظف",VLOOKUP(C40,الموظفين!$B:$H,7,FALSE),VLOOKUP(C40,المستفيدين!$B:$F,5,FALSE))),"") -> مركز إرادة وتمكين لمتلازمة داون (نجد) | F40: 45845 | G40: إعادة قيد | H40: تم إبلاغ ولي الأمر
A41: 40 | B41: موظف | C41: E016 | D41: =IFERROR(IF(C41="","",IF(B41="موظف",VLOOKUP(C41,الموظفين!$B:$C,2,FALSE),VLOOKUP(C41,المستفيدين!$B:$C,2,FALSE))),"") -> موظف16 | E41: =IFERROR(IF(C41="","",IF(B41="موظف",VLOOKUP(C41,الموظفين!$B:$H,7,FALSE),VLOOKUP(C41,المستفيدين!$B:$F,5,FALSE))),"") -> مدرسة إرادة للتعليم (مكة) | F41: 45294 | G41: إنهاء خدمة | H41: تم إبلاغ ولي الأمر
D42: =IFERROR(IF(C42="","",IF(B42="موظف",VLOOKUP(C42,الموظفين!$B:$C,2,FALSE),VLOOKUP(C42,المستفيدين!$B:$C,2,FALSE))),"") | E42: =IFERROR(IF(C42="","",IF(B42="موظف",VLOOKUP(C42,الموظفين!$B:$H,7,FALSE),VLOOKUP(C42,المستفيدين!$B:$F,5,FALSE))),"")
D43: =IFERROR(IF(C43="","",IF(B43="موظف",VLOOKUP(C43,الموظفين!$B:$C,2,FALSE),VLOOKUP(C43,المستفيدين!$B:$C,2,FALSE))),"") | E43: =IFERROR(IF(C43="","",IF(B43="موظف",VLOOKUP(C43,الموظفين!$B:$H,7,FALSE),VLOOKUP(C43,المستفيدين!$B:$F,5,FALSE))),"")
D44: =IFERROR(IF(C44="","",IF(B44="موظف",VLOOKUP(C44,الموظفين!$B:$C,2,FALSE),VLOOKUP(C44,المستفيدين!$B:$C,2,FALSE))),"") | E44: =IFERROR(IF(C44="","",IF(B44="موظف",VLOOKUP(C44,الموظفين!$B:$H,7,FALSE),VLOOKUP(C44,المستفيدين!$B:$F,5,FALSE))),"")
D45: =IFERROR(IF(C45="","",IF(B45="موظف",VLOOKUP(C45,الموظفين!$B:$C,2,FALSE),VLOOKUP(C45,المستفيدين!$B:$C,2,FALSE))),"") | E45: =IFERROR(IF(C45="","",IF(B45="موظف",VLOOKUP(C45,الموظفين!$B:$H,7,FALSE),VLOOKUP(C45,المستفيدين!$B:$F,5,FALSE))),"")
D46: =IFERROR(IF(C46="","",IF(B46="موظف",VLOOKUP(C46,الموظفين!$B:$C,2,FALSE),VLOOKUP(C46,المستفيدين!$B:$C,2,FALSE))),"") | E46: =IFERROR(IF(C46="","",IF(B46="موظف",VLOOKUP(C46,الموظفين!$B:$H,7,FALSE),VLOOKUP(C46,المستفيدين!$B:$F,5,FALSE))),"")
D47: =IFERROR(IF(C47="","",IF(B47="موظف",VLOOKUP(C47,الموظفين!$B:$C,2,FALSE),VLOOKUP(C47,المستفيدين!$B:$C,2,FALSE))),"") | E47: =IFERROR(IF(C47="","",IF(B47="موظف",VLOOKUP(C47,الموظفين!$B:$H,7,FALSE),VLOOKUP(C47,المستفيدين!$B:$F,5,FALSE))),"")
D48: =IFERROR(IF(C48="","",IF(B48="موظف",VLOOKUP(C48,الموظفين!$B:$C,2,FALSE),VLOOKUP(C48,المستفيدين!$B:$C,2,FALSE))),"") | E48: =IFERROR(IF(C48="","",IF(B48="موظف",VLOOKUP(C48,الموظفين!$B:$H,7,FALSE),VLOOKUP(C48,المستفيدين!$B:$F,5,FALSE))),"")
D49: =IFERROR(IF(C49="","",IF(B49="موظف",VLOOKUP(C49,الموظفين!$B:$C,2,FALSE),VLOOKUP(C49,المستفيدين!$B:$C,2,FALSE))),"") | E49: =IFERROR(IF(C49="","",IF(B49="موظف",VLOOKUP(C49,الموظفين!$B:$H,7,FALSE),VLOOKUP(C49,المستفيدين!$B:$F,5,FALSE))),"")
D50: =IFERROR(IF(C50="","",IF(B50="موظف",VLOOKUP(C50,الموظفين!$B:$C,2,FALSE),VLOOKUP(C50,المستفيدين!$B:$C,2,FALSE))),"") | E50: =IFERROR(IF(C50="","",IF(B50="موظف",VLOOKUP(C50,الموظفين!$B:$H,7,FALSE),VLOOKUP(C50,المستفيدين!$B:$F,5,FALSE))),"")
D51: =IFERROR(IF(C51="","",IF(B51="موظف",VLOOKUP(C51,الموظفين!$B:$C,2,FALSE),VLOOKUP(C51,المستفيدين!$B:$C,2,FALSE))),"") | E51: =IFERROR(IF(C51="","",IF(B51="موظف",VLOOKUP(C51,الموظفين!$B:$H,7,FALSE),VLOOKUP(C51,المستفيدين!$B:$F,5,FALSE))),"")
D52: =IFERROR(IF(C52="","",IF(B52="موظف",VLOOKUP(C52,الموظفين!$B:$C,2,FALSE),VLOOKUP(C52,المستفيدين!$B:$C,2,FALSE))),"") | E52: =IFERROR(IF(C52="","",IF(B52="موظف",VLOOKUP(C52,الموظفين!$B:$H,7,FALSE),VLOOKUP(C52,المستفيدين!$B:$F,5,FALSE))),"")
D53: =IFERROR(IF(C53="","",IF(B53="موظف",VLOOKUP(C53,الموظفين!$B:$C,2,FALSE),VLOOKUP(C53,المستفيدين!$B:$C,2,FALSE))),"") | E53: =IFERROR(IF(C53="","",IF(B53="موظف",VLOOKUP(C53,الموظفين!$B:$H,7,FALSE),VLOOKUP(C53,المستفيدين!$B:$F,5,FALSE))),"")
... D58: =IFERROR(IF(C58="","",IF(B58="موظف",VLOOKUP(C58,الموظفين!$B:$C,2,FALSE),VLOOKUP(C58,المستفيدين!$B:$C,2,FALSE))),"") | E58: =IFERROR(IF(C58="","",IF(B58="موظف",VLOOKUP(C58,الموظفين!$B:$H,7,FALSE),VLOOKUP(C58,المستفيدين!$B:$F,5,FALSE))),"")
D59: =IFERROR(IF(C59="","",IF(B59="موظف",VLOOKUP(C59,الموظفين!$B:$C,2,FALSE),VLOOKUP(C59,المستفيدين!$B:$C,2,FALSE))),"")
D60: =IFERROR(IF(C60="","",IF(B60="موظف",VLOOKUP(C60,الموظفين!$B:$C,2,FALSE),VLOOKUP(C60,المستفيدين!$B:$C,2,FALSE))),"")
D61: =IFERROR(IF(C61="","",IF(B61="موظف",VLOOKUP(C61,الموظفين!$B:$C,2,FALSE),VLOOKUP(C61,المستفيدين!$B:$C,2,FALSE))),"")
D62: =IFERROR(IF(C62="","",IF(B62="موظف",VLOOKUP(C62,الموظفين!$B:$C,2,FALSE),VLOOKUP(C62,المستفيدين!$B:$C,2,FALSE))),"")
D63: =IFERROR(IF(C63="","",IF(B63="موظف",VLOOKUP(C63,الموظفين!$B:$C,2,FALSE),VLOOKUP(C63,المستفيدين!$B:$C,2,FALSE))),"")
D64: =IFERROR(IF(C64="","",IF(B64="موظف",VLOOKUP(C64,الموظفين!$B:$C,2,FALSE),VLOOKUP(C64,المستفيدين!$B:$C,2,FALSE))),"")
D65: =IFERROR(IF(C65="","",IF(B65="موظف",VLOOKUP(C65,الموظفين!$B:$C,2,FALSE),VLOOKUP(C65,المستفيدين!$B:$C,2,FALSE))),"")
D66: =IFERROR(IF(C66="","",IF(B66="موظف",VLOOKUP(C66,الموظفين!$B:$C,2,FALSE),VLOOKUP(C66,المستفيدين!$B:$C,2,FALSE))),"")
D67: =IFERROR(IF(C67="","",IF(B67="موظف",VLOOKUP(C67,الموظفين!$B:$C,2,FALSE),VLOOKUP(C67,المستفيدين!$B:$C,2,FALSE))),"")
D68: =IFERROR(IF(C68="","",IF(B68="موظف",VLOOKUP(C68,الموظفين!$B:$C,2,FALSE),VLOOKUP(C68,المستفيدين!$B:$C,2,FALSE))),"")
D69: =IFERROR(IF(C69="","",IF(B69="موظف",VLOOKUP(C69,الموظفين!$B:$C,2,FALSE),VLOOKUP(C69,المستفيدين!$B:$C,2,FALSE))),"")
D70: =IFERROR(IF(C70="","",IF(B70="موظف",VLOOKUP(C70,الموظفين!$B:$C,2,FALSE),VLOOKUP(C70,المستفيدين!$B:$C,2,FALSE))),"")
... D1001: =IFERROR(IF(C1001="","",IF(B1001="موظف",VLOOKUP(C1001,الموظفين!$B:$C,2,FALSE),VLOOKUP(C1001,المستفيدين!$B:$C,2,FALSE))),"")

Sheet التحصيل
A1: م | B1: رقم هوية المستفيد | C1: الاسم | D1: المركز المدرسة | E1: التاريخ | F1: المبلغ | G1: نوع_التحصيل | H1: ملاحظات
A2: 1 | B2: 1883810977 | C2: =IFERROR(IF(B2="","",VLOOKUP(B2,المستفيدين!$B:$C,2,FALSE)),"") -> مستفيد139 | D2: =IFERROR(IF(B2="","",VLOOKUP(B2,المستفيدين!$B:$F,5,FALSE)),"") -> مدرسة إرادة وتمكين لمتلازمة داون (نجد) | E2: 45296 | F2: 850 | G2: سند قبض | H2: تحويل بنكي
A3: 2 | B3: 1234479307 | C3: =IFERROR(IF(B3="","",VLOOKUP(B3,المستفيدين!$B:$C,2,FALSE)),"") -> مستفيد136 | D3: =IFERROR(IF(B3="","",VLOOKUP(B3,المستفيدين!$B:$F,5,FALSE)),"") -> مركز إرادة وتمكين لمتلازمة داون (نجد) | E3: 45296 | F3: 550 | G3: سند قبض | H3: شيك
A4: 3 | B4: 1265180355 | C4: =IFERROR(IF(B4="","",VLOOKUP(B4,المستفيدين!$B:$C,2,FALSE)),"") -> مستفيد157 | D4: =IFERROR(IF(B4="","",VLOOKUP(B4,المستفيدين!$B:$F,5,FALSE)),"") -> مدرسة إرادة للتعليم (مكة) | E4: 45309 | F4: 3500 | G4: سند قبض | H4: تسوية
A5: 4 | B5: 1229115953 | C5: =IFERROR(IF(B5="","",VLOOKUP(B5,المستفيدين!$B:$C,2,FALSE)),"") -> مستفيد198 | D5: =IFERROR(IF(B5="","",VLOOKUP(B5,المستفيدين!$B:$F,5,FALSE)),"") -> مركز إرادة وتمكين للرعاية النهارية (القدس) | E5: 45310 | F5: 3000 | G5: سند قبض
A6: 5 | B6: 1009443870 | C6: =IFERROR(IF(B6="","",VLOOKUP(B6,المستفيدين!$B:$C,2,FALSE)),"") -> مستفيد42 | D6: =IFERROR(IF(B6="","",VLOOKUP(B6,المستفيدين!$B:$F,5,FALSE)),"") -> مركز إرادة وتمكين لمتلازمة داون (نجد) | E6: 45315 | F6: 700 | G6: سند قبض
A7: 6 | B7: 1096348523 | C7: =IFERROR(IF(B7="","",VLOOKUP(B7,المستفيدين!$B:$C,2,FALSE)),"") -> مستفيد4 | D7: =IFERROR(IF(B7="","",VLOOKUP(B7,المستفيدين!$B:$F,5,FALSE)),"") -> مدرسة إرادة للتعليم (مكة) | E7: 45317 | F7: 350 | G7: سند قبض
A8: 7 | B8: 1668099269 | C8: =IFERROR(IF(B8="","",VLOOKUP(B8,المستفيدين!$B:$C,2,FALSE)),"") -> مستفيد20 | D8: =IFERROR(IF(B8="","",VLOOKUP(B8,المستفيدين!$B:$F,5,FALSE)),"") -> مركز إرادة وتمكين لرعاية ذوي الاحتياجات الخاصة (جلمودة) | E8: 45318 | F8: 1500 | G8: اعفاء | H8: إعفاء - الشؤون الاجتماعية
A9: 8 | B9: 1207180707 | C9: =IFERROR(IF(B9="","",VLOOKUP(B9,المستفيدين!$B:$C,2,FALSE)),"") -> مستفيد182 | D9: =IFERROR(IF(B9="","",VLOOKUP(B9,المستفيدين!$B:$F,5,FALSE)),"") -> مدرسة إرادة للتعليم (مكة) | E9: 45320 | F9: 3500 | G9: اعفاء | H9: تأمين / شركات
A10: 9 | B10: 1371671971 | C10: =IFERROR(IF(B10="","",VLOOKUP(B10,المستفيدين!$B:$C,2,FALSE)),"") -> مستفيد91 | D10: =IFERROR(IF(B10="","",VLOOKUP(B10,المستفيدين!$B:$F,5,FALSE)),"") -> مركز إرادة وتمكين لرعاية ذوي الاحتياجات الخاصة (جلمودة) | E10: 45323 | F10: 350 | G10: سند قبض
A11: 10 | B11: 1548238329 | C11: =IFERROR(IF(B11="","",VLOOKUP(B11,المستفيدين!$B:$C,2,FALSE)),"") -> مستفيد178 | D11: =IFERROR(IF(B11="","",VLOOKUP(B11,المستفيدين!$B:$F,5,FALSE)),"") -> مركز إرادة وتمكين لمتلازمة داون (نجد) | E11: 45323 | F11: 650 | G11: سند قبض
A12: 11 | B12: 1519714037 | C12: =IFERROR(IF(B12="","",VLOOKUP(B12,المستفيدين!$B:$C,2,FALSE)),"") -> مستفيد74 | D12: =IFERROR(IF(B12="","",VLOOKUP(B12,المستفيدين!$B:$F,5,FALSE)),"") -> مركز إرادة وتمكين لرعاية ذوي الاحتياجات الخاصة (جلمودة) | E12: 45326 | F12: 1100 | G12: سند قبض | H12: دفعة شهرية
A13: 12 | B13: 1113590304 | C13: =IFERROR(IF(B13="","",VLOOKUP(B13,المستفيدين!$B:$C,2,FALSE)),"") -> مستفيد186 | D13: =IFERROR(IF(B13="","",VLOOKUP(B13,المستفيدين!$B:$F,5,FALSE)),"") -> مركز إرادة وتمكين لمتلازمة داون (نجد) | E13: 45329 | F13: 700 | G13: اعفاء | H13: إعفاء جزئي
A14: 13 | B14: 1098792726 | C14: =IFERROR(IF(B14="","",VLOOKUP(B14,المستفيدين!$B:$C,2,FALSE)),"") -> مستفيد140 | D14: =IFERROR(IF(B14="","",VLOOKUP(B14,المستفيدين!$B:$F,5,FALSE)),"") -> مدرسة إرادة وتمكين لمتلازمة داون (نجد) | E14: 45332 | F14: 4000 | G14: سند قبض | H14: تحويل بنكي
A15: 14 | B15: 1614242749 | C15: =IFERROR(IF(B15="","",VLOOKUP(B15,المستفيدين!$B:$C,2,FALSE)),"") -> مستفيد114 | D15: =IFERROR(IF(B15="","",VLOOKUP(B15,المستفيدين!$B:$F,5,FALSE)),"") -> مدرسة إرادة للتعليم (مكة) | E15: 45332 | F15: 2200 | G15: سند قبض | H15: دفعة شهرية
A16: 15 | B16: 1773160728 | C16: =IFERROR(IF(B16="","",VLOOKUP(B16,المستفيدين!$B:$C,2,FALSE)),"") -> مستفيد161 | D16: =IFERROR(IF(B16="","",VLOOKUP(B16,المستفيدين!$B:$F,5,FALSE)),"") -> مركز إرادة وتمكين لمتلازمة داون (نجد) | E16: 45332 | F16: 1600 | G16: سند قبض | H16: كاش
A17: 16 | B17: 1838907615 | C17: =IFERROR(IF(B17="","",VLOOKUP(B17,المستفيدين!$B:$C,2,FALSE)),"") -> مستفيد29 | D17: =IFERROR(IF(B17="","",VLOOKUP(B17,المستفيدين!$B:$F,5,FALSE)),"") -> مركز إرادة وتمكين لرعاية ذوي الاحتياجات الخاصة (جلمودة) | E17: 45333 | F17: 1500 | G17: سند قبض | H17: تسوية
A18: 17 | B18: 1130166119 | C18: =IFERROR(IF(B18="","",VLOOKUP(B18,المستفيدين!$B:$C,2,FALSE)),"") -> مستفيد103 | D18: =IFERROR(IF(B18="","",VLOOKUP(B18,المستفيدين!$B:$F,5,FALSE)),"") -> مركز إرادة وتمكين لمتلازمة داون (نجد) | E18: 45333 | F18: 3500 | G18: سند قبض
A19: 18 | B19: 1256720953 | C19: =IFERROR(IF(B19="","",VLOOKUP(B19,المستفيدين!$B:$C,2,FALSE)),"") -> مستفيد53 | D19: =IFERROR(IF(B19="","",VLOOKUP(B19,المستفيدين!$B:$F,5,FALSE)),"") -> مركز إرادة وتمكين لمتلازمة داون (نجد) | E19: 45333 | F19: 2900 | G19: سند قبض | H19: دفعة شهرية
A20: 19 | B20: 1994984803 | C20: =IFERROR(IF(B20="","",VLOOKUP(B20,المستفيدين!$B:$C,2,FALSE)),"") -> مستفيد122 | D20: =IFERROR(IF(B20="","",VLOOKUP(B20,المستفيدين!$B:$F,5,FALSE)),"") -> مركز إرادة وتمكين للرعاية النهارية (القدس) | E20: 45334 | F20: 3000 | G20: سند قبض | H20: شيك
A21: 20 | B21: 1049921311 | C21: =IFERROR(IF(B21="","",VLOOKUP(B21,المستفيدين!$B:$C,2,FALSE)),"") -> مستفيد133 | D21: =IFERROR(IF(B21="","",VLOOKUP(B21,المستفيدين!$B:$F,5,FALSE)),"") -> مدرسة إرادة للتعليم (مكة) | E21: 45334 | F21: 700 | G21: اعفاء | H21: إعفاء - صندوق داخلي
A22: 21 | B22: 1087747431 | C22: =IFERROR(IF(B22="","",VLOOKUP(B22,المستفيدين!$B:$C,2,FALSE)),"") -> مستفيد108 | D22: =IFERROR(IF(B22="","",VLOOKUP(B22,المستفيدين!$B:$F,5,FALSE)),"") -> مركز إرادة وتمكين لمتلازمة داون (نجد) | E22: 45338 | F22: 1200 | G22: سند قبض | H22: دفعة جزئية
A23: 22 | B23: 1228939605 | C23: =IFERROR(IF(B23="","",VLOOKUP(B23,المستفيدين!$B:$C,2,FALSE)),"") -> مستفيد54 | D23: =IFERROR(IF(B23="","",VLOOKUP(B23,المستفيدين!$B:$F,5,FALSE)),"") -> مدرسة إرادة للتعليم (مكة) | E23: 45339 | F23: 1400 | G23: سند قبض | H23: دفعة شهرية
A24: 23 | B24: 1135186222 | C24: =IFERROR(IF(B24="","",VLOOKUP(B24,المستفيدين!$B:$C,2,FALSE)),"") -> مستفيد106 | D24: =IFERROR(IF(B24="","",VLOOKUP(B24,المستفيدين!$B:$F,5,FALSE)),"") -> مدرسة إرادة وتمكين لمتلازمة داون (نجد) | E24: 45345 | F24: 2500 | G24: اعفاء | H24: إعفاء - الشؤون الاجتماعية
A25: 24 | B25: 1009443870 | C25: =IFERROR(IF(B25="","",VLOOKUP(B25,المستفيدين!$B:$C,2,FALSE)),"") -> مستفيد42 | D25: =IFERROR(IF(B25="","",VLOOKUP(B25,المستفيدين!$B:$F,5,FALSE)),"") -> مركز إرادة وتمكين لمتلازمة داون (نجد) | E25: 45349 | F25: 1350 | G25: سند قبض | H25: تحويل بنكي
A26: 25 | B26: 1224071000 | C26: =IFERROR(IF(B26="","",VLOOKUP(B26,المستفيدين!$B:$C,2,FALSE)),"") -> مستفيد150 | D26: =IFERROR(IF(B26="","",VLOOKUP(B26,المستفيدين!$B:$F,5,FALSE)),"") -> مركز إرادة وتمكين لمتلازمة داون (نجد) | E26: 45349 | F26: 900 | G26: سند قبض
A27: 26 | B27: 1009443870 | C27: =IFERROR(IF(B27="","",VLOOKUP(B27,المستفيدين!$B:$C,2,FALSE)),"") -> مستفيد42 | D27: =IFERROR(IF(B27="","",VLOOKUP(B27,المستفيدين!$B:$F,5,FALSE)),"") -> مركز إرادة وتمكين لمتلازمة داون (نجد) | E27: 45355 | F27: 950 | G27: سند قبض | H27: شيك
A28: 27 | B28: 1983951447 | C28: =IFERROR(IF(B28="","",VLOOKUP(B28,المستفيدين!$B:$C,2,FALSE)),"") -> مستفيد72 | D28: =IFERROR(IF(B28="","",VLOOKUP(B28,المستفيدين!$B:$F,5,FALSE)),"") -> مركز إرادة وتمكين لرعاية ذوي الاحتياجات الخاصة (جلمودة) | E28: 45356 | F28: 2500 | G28: سند قبض | H28: دفعة جزئية
A29: 28 | B29: 1998973443 | C29: =IFERROR(IF(B29="","",VLOOKUP(B29,المستفيدين!$B:$C,2,FALSE)),"") -> مستفيد28 | D29: =IFERROR(IF(B29="","",VLOOKUP(B29,المستفيدين!$B:$F,5,FALSE)),"") -> مدرسة إرادة وتمكين لمتلازمة داون (نجد) | E29: 45361 | F29: 900 | G29: سند قبض | H29: تحويل بنكي
A30: 29 | B30: 1224071000 | C30: =IFERROR(IF(B30="","",VLOOKUP(B30,المستفيدين!$B:$C,2,FALSE)),"") -> مستفيد150 | D30: =IFERROR(IF(B30="","",VLOOKUP(B30,المستفيدين!$B:$F,5,FALSE)),"") -> مركز إرادة وتمكين لمتلازمة داون (نجد) | E30: 45362 | F30: 600 | G30: اعفاء | H30: إعفاء جزئي
A31: 30 | B31: 1744297633 | C31: =IFERROR(IF(B31="","",VLOOKUP(B31,المستفيدين!$B:$C,2,FALSE)),"") -> مستفيد153 | D31: =IFERROR(IF(B31="","",VLOOKUP(B31,المستفيدين!$B:$F,5,FALSE)),"") -> مدرسة إرادة للتعليم (مكة) | E31: 45363 | F31: 3000 | G31: سند قبض
A32: 31 | B32: 1241445275 | C32: =IFERROR(IF(B32="","",VLOOKUP(B32,المستفيدين!$B:$C,2,FALSE)),"") -> مستفيد67 | D32: =IFERROR(IF(B32="","",VLOOKUP(B32,المستفيدين!$B:$F,5,FALSE)),"") -> مركز إرادة وتمكين للرعاية النهارية (القدس) | E32: 45364 | F32: 1400 | G32: سند قبض
A33: 32 | B33: 1491276005 | C33: =IFERROR(IF(B33="","",VLOOKUP(B33,المستفيدين!$B:$C,2,FALSE)),"") -> مستفيد73 | D33: =IFERROR(IF(B33="","",VLOOKUP(B33,المستفيدين!$B:$F,5,FALSE)),"") -> مدرسة إرادة للتعليم (مكة) | E33: 45366 | F33: 250 | G33: سند قبض
A34: 33 | B34: 1590142031 | C34: =IFERROR(IF(B34="","",VLOOKUP(B34,المستفيدين!$B:$C,2,FALSE)),"") -> مستفيد123 | D34: =IFERROR(IF(B34="","",VLOOKUP(B34,المستفيدين!$B:$F,5,FALSE)),"") -> مركز إرادة وتمكين لرعاية ذوي الاحتياجات الخاصة (جلمودة) | E34: 45367 | F34: 3000 | G34: سند قبض | H34: تسوية
A35: 34 | B35: 1909062660 | C35: =IFERROR(IF(B35="","",VLOOKUP(B35,المستفيدين!$B:$C,2,FALSE)),"") -> مستفيد195 | D35: =IFERROR(IF(B35="","",VLOOKUP(B35,المستفيدين!$B:$F,5,FALSE)),"") -> مدرسة إرادة للتعليم (مكة) | E35: 45373 | F35: 4000 | G35: سند قبض | H35: تسوية
A36: 35 | B36: 1911132783 | C36: =IFERROR(IF(B36="","",VLOOKUP(B36,المستفيدين!$B:$C,2,FALSE)),"") -> مستفيد59 | D36: =IFERROR(IF(B36="","",VLOOKUP(B36,المستفيدين!$B:$F,5,FALSE)),"") -> مركز إرادة وتمكين للرعاية النهارية (القدس) | E36: 45373 | F36: 1250 | G36: سند قبض | H36: كاش
A37: 36 | B37: 1611059558 | C37: =IFERROR(IF(B37="","",VLOOKUP(B37,المستفيدين!$B:$C,2,FALSE)),"") -> مستفيد22 | D37: =IFERROR(IF(B37="","",VLOOKUP(B37,المستفيدين!$B:$F,5,FALSE)),"") -> مركز إرادة وتمكين لمتلازمة داون (نجد) | E37: 45378 | F37: 450 | G37: سند قبض
A38: 37 | B38: 1998973443 | C38: =IFERROR(IF(B38="","",VLOOKUP(B38,المستفيدين!$B:$C,2,FALSE)),"") -> مستفيد28 | D38: =IFERROR(IF(B38="","",VLOOKUP(B38,المستفيدين!$B:$F,5,FALSE)),"") -> مدرسة إرادة وتمكين لمتلازمة داون (نجد) | E38: 45379 | F38: 1600 | G38: سند قبض | H38: شيك
A39: 38 | B39: 1980725694 | C39: =IFERROR(IF(B39="","",VLOOKUP(B39,المستفيدين!$B:$C,2,FALSE)),"") -> مستفيد189 | D39: =IFERROR(IF(B39="","",VLOOKUP(B39,المستفيدين!$B:$F,5,FALSE)),"") -> مدرسة إرادة للتعليم (مكة) | E39: 45381 | F39: 700 | G39: سند قبض
A40: 39 | B40: 1980725694 | C40: =IFERROR(IF(B40="","",VLOOKUP(B40,المستفيدين!$B:$C,2,FALSE)),"") -> مستفيد189 | D40: =IFERROR(IF(B40="","",VLOOKUP(B40,المستفيدين!$B:$F,5,FALSE)),"") -> مدرسة إرادة للتعليم (مكة) | E40: 45387 | F40: 900 | G40: سند قبض
A41: 40 | B41: 1252971687 | C41: =IFERROR(IF(B41="","",VLOOKUP(B41,المستفيدين!$B:$C,2,FALSE)),"") -> مستفيد30 | D41: =IFERROR(IF(B41="","",VLOOKUP(B41,المستفيدين!$B:$F,5,FALSE)),"") -> مدرسة إرادة للتعليم (مكة) | E41: 45388 | F41: 250 | G41: سند قبض | H41: كاش
A42: 41 | B42: 1854312995 | C42: =IFERROR(IF(B42="","",VLOOKUP(B42,المستفيدين!$B:$C,2,FALSE)),"") -> مستفيد7 | D42: =IFERROR(IF(B42="","",VLOOKUP(B42,المستفيدين!$B:$F,5,FALSE)),"") -> مدرسة إرادة وتمكين لمتلازمة داون (نجد) | E42: 45388 | F42: 1700 | G42: سند قبض | H42: تسوية
A43: 42 | B43: 1751252727 | C43: =IFERROR(IF(B43="","",VLOOKUP(B43,المستفيدين!$B:$C,2,FALSE)),"") -> مستفيد131 | D43: =IFERROR(IF(B43="","",VLOOKUP(B43,المستفيدين!$B:$F,5,FALSE)),"") -> مركز إرادة وتمكين للرعاية النهارية (القدس) | E43: 45392 | F43: 2000 | G43: سند قبض
A44: 43 | B44: 1762847665 | C44: =IFERROR(IF(B44="","",VLOOKUP(B44,المستفيدين!$B:$C,2,FALSE)),"") -> مستفيد138 | D44: =IFERROR(IF(B44="","",VLOOKUP(B44,المستفيدين!$B:$F,5,FALSE)),"") -> مدرسة إرادة وتمكين لمتلازمة داون (نجد) | E44: 45392 | F44: 3000 | G44: سند قبض | H44: تسوية
A45: 44 | B45: 1532697741 | C45: =IFERROR(IF(B45="","",VLOOKUP(B45,المستفيدين!$B:$C,2,FALSE)),"") -> مستفيد93 | D45: =IFERROR(IF(B45="","",VLOOKUP(B45,المستفيدين!$B:$F,5,FALSE)),"") -> مركز إرادة وتمكين للرعاية النهارية (القدس) | E45: 45395 | F45: 1000 | G45: سند قبض
A46: 45 | B46: 1330656105 | C46: =IFERROR(IF(B46="","",VLOOKUP(B46,المستفيدين!$B:$C,2,FALSE)),"") -> مستفيد45 | D46: =IFERROR(IF(B46="","",VLOOKUP(B46,المستفيدين!$B:$F,5,FALSE)),"") -> مركز إرادة وتمكين لمتلازمة داون (نجد) | E46: 45396 | F46: 1250 | G46: اعفاء | H46: إعفاء جزئي
A47: 46 | B47: 1090991477 | C47: =IFERROR(IF(B47="","",VLOOKUP(B47,المستفيدين!$B:$C,2,FALSE)),"") -> مستفيد135 | D47: =IFERROR(IF(B47="","",VLOOKUP(B47,المستفيدين!$B:$F,5,FALSE)),"") -> مركز إرادة وتمكين للرعاية النهارية (القدس) | E47: 45402 | F47: 1500 | G47: سند قبض
A48: 47 | B48: 1617014847 | C48: =IFERROR(IF(B48="","",VLOOKUP(B48,المستفيدين!$B:$C,2,FALSE)),"") -> مستفيد15 | D48: =IFERROR(IF(B48="","",VLOOKUP(B48,المستفيدين!$B:$F,5,FALSE)),"") -> مدرسة إرادة للتعليم (مكة) | E48: 45405 | F48: 1000 | G48: سند قبض | H48: دفعة شهرية
A49: 48 | B49: 1511480692 | C49: =IFERROR(IF(B49="","",VLOOKUP(B49,المستفيدين!$B:$C,2,FALSE)),"") -> مستفيد37 | D49: =IFERROR(IF(B49="","",VLOOKUP(B49,المستفيدين!$B:$F,5,FALSE)),"") -> مدرسة إرادة وتمكين لمتلازمة داون (نجد) | E49: 45406 | F49: 350 | G49: سند قبض
A50: 49 | B50: 1017688451 | C50: =IFERROR(IF(B50="","",VLOOKUP(B50,المستفيدين!$B:$C,2,FALSE)),"") -> مستفيد52 | D50: =IFERROR(IF(B50="","",VLOOKUP(B50,المستفيدين!$B:$F,5,FALSE)),"") -> مركز إرادة وتمكين لرعاية ذوي الاحتياجات الخاصة (جلمودة) | E50: 45409 | F50: 1500 | G50: سند قبض | H50: كاش
A51: 50 | B51: 1911743491 | C51: =IFERROR(IF(B51="","",VLOOKUP(B51,المستفيدين!$B:$C,2,FALSE)),"") -> مستفيد8 | D51: =IFERROR(IF(B51="","",VLOOKUP(B51,المستفيدين!$B:$F,5,FALSE)),"") -> مركز إرادة وتمكين لمتلازمة داون (نجد) | E51: 45409 | F51: 1250 | G51: سند قبض | H51: كاش
A52: 51 | B52: 1883810977 | C52: =IFERROR(IF(B52="","",VLOOKUP(B52,المستفيدين!$B:$C,2,FALSE)),"") -> مستفيد139 | D52: =IFERROR(IF(B52="","",VLOOKUP(B52,المستفيدين!$B:$F,5,FALSE)),"") -> مدرسة إرادة وتمكين لمتلازمة داون (نجد) | E52: 45413 | F52: 550 | G52: سند قبض | H52: شيك
A53: 52 | B53: 1228939605 | C53: =IFERROR(IF(B53="","",VLOOKUP(B53,المستفيدين!$B:$C,2,FALSE)),"") -> مستفيد54 | D53: =IFERROR(IF(B53="","",VLOOKUP(B53,المستفيدين!$B:$F,5,FALSE)),"") -> مدرسة إرادة للتعليم (مكة) | E53: 45414 | F53: 2600 | G53: سند قبض | H53: تسوية
A54: 53 | B54: 1508553395 | C54: =IFERROR(IF(B54="","",VLOOKUP(B54,المستفيدين!$B:$C,2,FALSE)),"") -> مستفيد129 | D54: =IFERROR(IF(B54="","",VLOOKUP(B54,المستفيدين!$B:$F,5,FALSE)),"") -> مدرسة إرادة وتمكين لمتلازمة داون (نجد) | E54: 45414 | F54: 3500 | G54: سند قبض | H54: دفعة شهرية
A55: 54 | B55: 1919727514 | C55: =IFERROR(IF(B55="","",VLOOKUP(B55,المستفيدين!$B:$C,2,FALSE)),"") -> مستفيد170 | D55: =IFERROR(IF(B55="","",VLOOKUP(B55,المستفيدين!$B:$F,5,FALSE)),"") -> مركز إرادة وتمكين لمتلازمة داون (نجد) | E55: 45417 | F55: 650 | G55: سند قبض
A56: 55 | B56: 1098673354 | C56: =IFERROR(IF(B56="","",VLOOKUP(B56,المستفيدين!$B:$C,2,FALSE)),"") -> مستفيد120 | D56: =IFERROR(IF(B56="","",VLOOKUP(B56,المستفيدين!$B:$F,5,FALSE)),"") -> مدرسة إرادة وتمكين لمتلازمة داون (نجد) | E56: 45422 | F56: 2600 | G56: اعفاء | H56: تأمين / شركات
A57: 56 | B57: 1914106815 | C57: =IFERROR(IF(B57="","",VLOOKUP(B57,المستفيدين!$B:$C,2,FALSE)),"") -> مستفيد174 | D57: =IFERROR(IF(B57="","",VLOOKUP(B57,المستفيدين!$B:$F,5,FALSE)),"") -> مدرسة إرادة للتعليم (مكة) | E57: 45435 | F57: 3000 | G57: سند قبض
A58: 57 | B58: 1065397512 | C58: =IFERROR(IF(B58="","",VLOOKUP(B58,المستفيدين!$B:$C,2,FALSE)),"") -> مستفيد2 | D58: =IFERROR(IF(B58="","",VLOOKUP(B58,المستفيدين!$B:$F,5,FALSE)),"") -> مدرسة إرادة وتمكين لمتلازمة داون (نجد) | E58: 45436 | F58: 1350 | G58: سند قبض
A59: 58 | B59: 1696333011 | C59: =IFERROR(IF(B59="","",VLOOKUP(B59,المستفيدين!$B:$C,2,FALSE)),"") -> مستفيد175 | D59: =IFERROR(IF(B59="","",VLOOKUP(B59,المستفيدين!$B:$F,5,FALSE)),"") -> مركز إرادة وتمكين للرعاية النهارية (القدس) | E59: 45437 | F59: 1450 | G59: اعفاء | H59: إعفاء - الشؤون الاجتماعية
A60: 59 | B60: 1076683920 | C60: =IFERROR(IF(B60="","",VLOOKUP(B60,المستفيدين!$B:$C,2,FALSE)),"") -> مستفيد92 | D60: =IFERROR(IF(B60="","",VLOOKUP(B60,المستفيدين!$B:$F,5,FALSE)),"") -> مركز إرادة وتمكين للرعاية النهارية (القدس) | E60: 45438 | F60: 1650 | G60: اعفاء | H60: تأمين / شركات
A61: 60 | B61: 1049921311 | C61: =IFERROR(IF(B61="","",VLOOKUP(B61,المستفيدين!$B:$C,2,FALSE)),"") -> مستفيد133 | D61: =IFERROR(IF(B61="","",VLOOKUP(B61,المستفيدين!$B:$F,5,FALSE)),"") -> مدرسة إرادة للتعليم (مكة) | E61: 45441 | F61: 550 | G61: سند قبض
A62: 61 | B62: 1917178608 | C62: =IFERROR(IF(B62="","",VLOOKUP(B62,المستفيدين!$B:$C,2,FALSE)),"") -> مستفيد90 | D62: =IFERROR(IF(B62="","",VLOOKUP(B62,المستفيدين!$B:$F,5,FALSE)),"") -> مركز إرادة وتمكين للرعاية النهارية (القدس) | E62: 45442 | F62: 2600 | G62: اعفاء | H62: تأمين / شركات
A63: 62 | B63: 1061601642 | C63: =IFERROR(IF(B63="","",VLOOKUP(B63,المستفيدين!$B:$C,2,FALSE)),"") -> مستفيد39 | D63: =IFERROR(IF(B63="","",VLOOKUP(B63,المستفيدين!$B:$F,5,FALSE)),"") -> مركز إرادة وتمكين لمتلازمة داون (نجد) | E63: 45442 | F63: 2500 | G63: سند قبض
A64: 63 | B64: 1067325708 | C64: =IFERROR(IF(B64="","",VLOOKUP(B64,المستفيدين!$B:$C,2,FALSE)),"") -> مستفيد83 | D64: =IFERROR(IF(B64="","",VLOOKUP(B64,المستفيدين!$B:$F,5,FALSE)),"") -> مدرسة إرادة وتمكين لمتلازمة داون (نجد) | E64: 45445 | F64: 1000 | G64: سند قبض
A65: 64 | B65: 1113590304 | C65: =IFERROR(IF(B65="","",VLOOKUP(B65,المستفيدين!$B:$C,2,FALSE)),"") -> مستفيد186 | D65: =IFERROR(IF(B65="","",VLOOKUP(B65,المستفيدين!$B:$F,5,FALSE)),"") -> مركز إرادة وتمكين لمتلازمة داون (نجد) | E65: 45448 | F65: 2900 | G65: اعفاء | H65: إعفاء جزئي
A66: 65 | B66: 1715340689 | C66: =IFERROR(IF(B66="","",VLOOKUP(B66,المستفيدين!$B:$C,2,FALSE)),"") -> مستفيد102 | D66: =IFERROR(IF(B66="","",VLOOKUP(B66,المستفيدين!$B:$F,5,FALSE)),"") -> مدرسة إرادة للتعليم (مكة) | E66: 45450 | F66: 2000 | G66: سند قبض | H66: دفعة جزئية
A67: 66 | B67: 1239383239 | C67: =IFERROR(IF(B67="","",VLOOKUP(B67,المستفيدين!$B:$C,2,FALSE)),"") -> مستفيد13 | D67: =IFERROR(IF(B67="","",VLOOKUP(B67,المستفيدين!$B:$F,5,FALSE)),"") -> مركز إرادة وتمكين لرعاية ذوي الاحتياجات الخاصة (جلمودة) | E67: 45453 | F67: 2000 | G67: سند قبض
A68: 67 | B68: 1285427152 | C68: =IFERROR(IF(B68="","",VLOOKUP(B68,المستفيدين!$B:$C,2,FALSE)),"") -> مستفيد66 | D68: =IFERROR(IF(B68="","",VLOOKUP(B68,المستفيدين!$B:$F,5,FALSE)),"") -> مدرسة إرادة وتمكين لمتلازمة داون (نجد) | E68: 45454 | F68: 2500 | G68: سند قبض
A69: 68 | B69: 1374392968 | C69: =IFERROR(IF(B69="","",VLOOKUP(B69,المستفيدين!$B:$C,2,FALSE)),"") -> مستفيد190 | D69: =IFERROR(IF(B69="","",VLOOKUP(B69,المستفيدين!$B:$F,5,FALSE)),"") -> مدرسة إرادة وتمكين لمتلازمة داون (نجد) | E69: 45460 | F69: 1850 | G69: سند قبض | H69: كاش
A70: 69 | B70: 1643206666 | C70: =IFERROR(IF(B70="","",VLOOKUP(B70,المستفيدين!$B:$C,2,FALSE)),"") -> مستفيد95 | D70: =IFERROR(IF(B70="","",VLOOKUP(B70,المستفيدين!$B:$F,5,FALSE)),"") -> مركز إرادة وتمكين لمتلازمة داون (نجد) | E70: 45469 | F70: 3500 | G70: سند قبض | H70: شيك
A71: 70 | B71: 1205178191 | C71: =IFERROR(IF(B71="","",VLOOKUP(B71,المستفيدين!$B:$C,2,FALSE)),"") -> مستفيد194 | D71: =IFERROR(IF(B71="","",VLOOKUP(B71,المستفيدين!$B:$F,5,FALSE)),"") -> مدرسة إرادة للتعليم (مكة) | E71: 45469 | F71: 800 | G71: سند قبض | H71: دفعة شهرية
A72: 71 | B72: 1313917845 | C72: =IFERROR(IF(B72="","",VLOOKUP(B72,المستفيدين!$B:$C,2,FALSE)),"") -> مستفيد51 | D72: =IFERROR(IF(B72="","",VLOOKUP(B72,المستفيدين!$B:$F,5,FALSE)),"") -> مركز إرادة وتمكين للرعاية النهارية (القدس) | E72: 45470 | F72: 1500 | G72: سند قبض
A73: 72 | B73: 1976051713 | C73: =IFERROR(IF(B73="","",VLOOKUP(B73,المستفيدين!$B:$C,2,FALSE)),"") -> مستفيد118 | D73: =IFERROR(IF(B73="","",VLOOKUP(B73,المستفيدين!$B:$F,5,FALSE)),"") -> مدرسة إرادة وتمكين لمتلازمة داون (نجد) | E73: 45470 | F73: 2000 | G73: سند قبض | H73: كاش
A74: 73 | B74: 1371671971 | C74: =IFERROR(IF(B74="","",VLOOKUP(B74,المستفيدين!$B:$C,2,FALSE)),"") -> مستفيد91 | D74: =IFERROR(IF(B74="","",VLOOKUP(B74,المستفيدين!$B:$F,5,FALSE)),"") -> مركز إرادة وتمكين لرعاية ذوي الاحتياجات الخاصة (جلمودة) | E74: 45473 | F74: 900 | G74: سند قبض | H74: دفعة شهرية
A75: 74 | B75: 1980725694 | C75: =IFERROR(IF(B75="","",VLOOKUP(B75,المستفيدين!$B:$C,2,FALSE)),"") -> مستفيد189 | D75: =IFERROR(IF(B75="","",VLOOKUP(B75,المستفيدين!$B:$F,5,FALSE)),"") -> مدرسة إرادة للتعليم (مكة) | E75: 45482 | F75: 750 | G75: سند قبض | H75: شيك
A76: 75 | B76: 1889143921 | C76: =IFERROR(IF(B76="","",VLOOKUP(B76,المستفيدين!$B:$C,2,FALSE)),"") -> مستفيد6 | D76: =IFERROR(IF(B76="","",VLOOKUP(B76,المستفيدين!$B:$F,5,FALSE)),"") -> مركز إرادة وتمكين لرعاية ذوي الاحتياجات الخاصة (جلمودة) | E76: 45483 | F76: 1050 | G76: سند قبض
A77: 76 | B77: 1752444255 | C77: =IFERROR(IF(B77="","",VLOOKUP(B77,المستفيدين!$B:$C,2,FALSE)),"") -> مستفيد81 | D77: =IFERROR(IF(B77="","",VLOOKUP(B77,المستفيدين!$B:$F,5,FALSE)),"") -> مركز إرادة وتمكين لرعاية ذوي الاحتياجات الخاصة (جلمودة) | E77: 45486 | F77: 1200 | G77: سند قبض | H77: دفعة جزئية
A78: 77 | B78: 1859263783 | C78: =IFERROR(IF(B78="","",VLOOKUP(B78,المستفيدين!$B:$C,2,FALSE)),"") -> مستفيد33 | D78: =IFERROR(IF(B78="","",VLOOKUP(B78,المستفيدين!$B:$F,5,FALSE)),"") -> مدرسة إرادة للتعليم (مكة) | E78: 45492 | F78: 1500 | G78: سند قبض | H78: شيك
A79: 78 | B79: 1639332291 | C79: =IFERROR(IF(B79="","",VLOOKUP(B79,المستفيدين!$B:$C,2,FALSE)),"") -> مستفيد199 | D79: =IFERROR(IF(B79="","",VLOOKUP(B79,المستفيدين!$B:$F,5,FALSE)),"") -> مدرسة إرادة وتمكين لمتلازمة داون (نجد) | E79: 45498 | F79: 1450 | G79: سند قبض | H79: شيك
A80: 79 | B80: 1098673354 | C80: =IFERROR(IF(B80="","",VLOOKUP(B80,المستفيدين!$B:$C,2,FALSE)),"") -> مستفيد120 | D80: =IFERROR(IF(B80="","",VLOOKUP(B80,المستفيدين!$B:$F,5,FALSE)),"") -> مدرسة إرادة وتمكين لمتلازمة داون (نجد) | E80: 45504 | F80: 900 | G80: سند قبض
A81: 80 | B81: 1253511077 | C81: =IFERROR(IF(B81="","",VLOOKUP(B81,المستفيدين!$B:$C,2,FALSE)),"") -> مستفيد64 | D81: =IFERROR(IF(B81="","",VLOOKUP(B81,المستفيدين!$B:$F,5,FALSE)),"") -> مدرسة إرادة للتعليم (مكة) | E81: 45506 | F81: 4000 | G81: سند قبض
A82: 81 | B82: 1754717023 | C82: =IFERROR(IF(B82="","",VLOOKUP(B82,المستفيدين!$B:$C,2,FALSE)),"") -> مستفيد57 | D82: =IFERROR(IF(B82="","",VLOOKUP(B82,المستفيدين!$B:$F,5,FALSE)),"") -> مركز إرادة وتمكين لمتلازمة داون (نجد) | E82: 45508 | F82: 650 | G82: سند قبض | H82: شيك
A83: 82 | B83: 1054240869 | C83: =IFERROR(IF(B83="","",VLOOKUP(B83,المستفيدين!$B:$C,2,FALSE)),"") -> مستفيد121 | D83: =IFERROR(IF(B83="","",VLOOKUP(B83,المستفيدين!$B:$F,5,FALSE)),"") -> مركز إرادة وتمكين لمتلازمة داون (نجد) | E83: 45509 | F83: 1100 | G83: سند قبض
A84: 83 | B84: 1590618188 | C84: =IFERROR(IF(B84="","",VLOOKUP(B84,المستفيدين!$B:$C,2,FALSE)),"") -> مستفيد27 | D84: =IFERROR(IF(B84="","",VLOOKUP(B84,المستفيدين!$B:$F,5,FALSE)),"") -> مدرسة إرادة وتمكين لمتلازمة داون (نجد) | E84: 45512 | F84: 2000 | G84: سند قبض
A85: 84 | B85: 1617014847 | C85: =IFERROR(IF(B85="","",VLOOKUP(B85,المستفيدين!$B:$C,2,FALSE)),"") -> مستفيد15 | D85: =IFERROR(IF(B85="","",VLOOKUP(B85,المستفيدين!$B:$F,5,FALSE)),"") -> مدرسة إرادة للتعليم (مكة) | E85: 45515 | F85: 500 | G85: سند قبض | H85: شيك
A86: 85 | B86: 1612775609 | C86: =IFERROR(IF(B86="","",VLOOKUP(B86,المستفيدين!$B:$C,2,FALSE)),"") -> مستفيد158 | D86: =IFERROR(IF(B86="","",VLOOKUP(B86,المستفيدين!$B:$F,5,FALSE)),"") -> مركز إرادة وتمكين لمتلازمة داون (نجد) | E86: 45515 | F86: 2800 | G86: سند قبض | H86: شيك
A87: 86 | B87: 1110215725 | C87: =IFERROR(IF(B87="","",VLOOKUP(B87,المستفيدين!$B:$C,2,FALSE)),"") -> مستفيد34 | D87: =IFERROR(IF(B87="","",VLOOKUP(B87,المستفيدين!$B:$F,5,FALSE)),"") -> مركز إرادة وتمكين لرعاية ذوي الاحتياجات الخاصة (جلمودة) | E87: 45517 | F87: 2750 | G87: سند قبض | H87: تحويل بنكي
A88: 87 | B88: 1379794895 | C88: =IFERROR(IF(B88="","",VLOOKUP(B88,المستفيدين!$B:$C,2,FALSE)),"") -> مستفيد78 | D88: =IFERROR(IF(B88="","",VLOOKUP(B88,المستفيدين!$B:$F,5,FALSE)),"") -> مركز إرادة وتمكين للرعاية النهارية (القدس) | E88: 45526 | F88: 2400 | G88: سند قبض | H88: تسوية
A89: 88 | B89: 1256720953 | C89: =IFERROR(IF(B89="","",VLOOKUP(B89,المستفيدين!$B:$C,2,FALSE)),"") -> مستفيد53 | D89: =IFERROR(IF(B89="","",VLOOKUP(B89,المستفيدين!$B:$F,5,FALSE)),"") -> مركز إرادة وتمكين لمتلازمة داون (نجد) | E89: 45531 | F89: 1100 | G89: سند قبض | H89: تسوية
A90: 89 | B90: 1035556284 | C90: =IFERROR(IF(B90="","",VLOOKUP(B90,المستفيدين!$B:$C,2,FALSE)),"") -> مستفيد40 | D90: =IFERROR(IF(B90="","",VLOOKUP(B90,المستفيدين!$B:$F,5,FALSE)),"") -> مركز إرادة وتمكين لرعاية ذوي الاحتياجات الخاصة (جلمودة) | E90: 45531 | F90: 4000 | G90: سند قبض | H90: دفعة جزئية
A91: 90 | B91: 1707584852 | C91: =IFERROR(IF(B91="","",VLOOKUP(B91,المستفيدين!$B:$C,2,FALSE)),"") -> مستفيد115 | D91: =IFERROR(IF(B91="","",VLOOKUP(B91,المستفيدين!$B:$F,5,FALSE)),"") -> مدرسة إرادة للتعليم (مكة) | E91: 45538 | F91: 2000 | G91: سند قبض
A92: 91 | B92: 1392511676 | C92: =IFERROR(IF(B92="","",VLOOKUP(B92,المستفيدين!$B:$C,2,FALSE)),"") -> مستفيد179 | D92: =IFERROR(IF(B92="","",VLOOKUP(B92,المستفيدين!$B:$F,5,FALSE)),"") -> مركز إرادة وتمكين للرعاية النهارية (القدس) | E92: 45541 | F92: 1650 | G92: اعفاء | H92: إعفاء - صندوق داخلي
A93: 92 | B93: 1814840095 | C93: =IFERROR(IF(B93="","",VLOOKUP(B93,المستفيدين!$B:$C,2,FALSE)),"") -> مستفيد25 | D93: =IFERROR(IF(B93="","",VLOOKUP(B93,المستفيدين!$B:$F,5,FALSE)),"") -> مركز إرادة وتمكين للرعاية النهارية (القدس) | E93: 45544 | F93: 1350 | G93: سند قبض
A94: 93 | B94: 1362300746 | C94: =IFERROR(IF(B94="","",VLOOKUP(B94,المستفيدين!$B:$C,2,FALSE)),"") -> مستفيد113 | D94: =IFERROR(IF(B94="","",VLOOKUP(B94,المستفيدين!$B:$F,5,FALSE)),"") -> مركز إرادة وتمكين لمتلازمة داون (نجد) | E94: 45545 | F94: 2000 | G94: اعفاء | H94: إعفاء - الشؤون الاجتماعية
A95: 94 | B95: 1176757752 | C95: =IFERROR(IF(B95="","",VLOOKUP(B95,المستفيدين!$B:$C,2,FALSE)),"") -> مستفيد112 | D95: =IFERROR(IF(B95="","",VLOOKUP(B95,المستفيدين!$B:$F,5,FALSE)),"") -> مدرسة إرادة وتمكين لمتلازمة داون (نجد) | E95: 45550 | F95: 3500 | G95: سند قبض | H95: تسوية
A96: 95 | B96: 1065080091 | C96: =IFERROR(IF(B96="","",VLOOKUP(B96,المستفيدين!$B:$C,2,FALSE)),"") -> مستفيد88 | D96: =IFERROR(IF(B96="","",VLOOKUP(B96,المستفيدين!$B:$F,5,FALSE)),"") -> مركز إرادة وتمكين للرعاية النهارية (القدس) | E96: 45553 | F96: 1500 | G96: سند قبض
A97: 96 | B97: 1345489113 | C97: =IFERROR(IF(B97="","",VLOOKUP(B97,المستفيدين!$B:$C,2,FALSE)),"") -> مستفيد124 | D97: =IFERROR(IF(B97="","",VLOOKUP(B97,المستفيدين!$B:$F,5,FALSE)),"") -> مركز إرادة وتمكين لرعاية ذوي الاحتياجات الخاصة (جلمودة) | E97: 45554 | F97: 650 | G97: سند قبض | H97: دفعة شهرية
A98: 97 | B98: 1358470403 | C98: =IFERROR(IF(B98="","",VLOOKUP(B98,المستفيدين!$B:$C,2,FALSE)),"") -> مستفيد200 | D98: =IFERROR(IF(B98="","",VLOOKUP(B98,المستفيدين!$B:$F,5,FALSE)),"") -> مركز إرادة وتمكين للرعاية النهارية (القدس) | E98: 45556 | F98: 1500 | G98: اعفاء | H98: تأمين / شركات
A99: 98 | B99: 1754717023 | C99: =IFERROR(IF(B99="","",VLOOKUP(B99,المستفيدين!$B:$C,2,FALSE)),"") -> مستفيد57 | D99: =IFERROR(IF(B99="","",VLOOKUP(B99,المستفيدين!$B:$F,5,FALSE)),"") -> مركز إرادة وتمكين لمتلازمة داون (نجد) | E99: 45561 | F99: 2400 | G99: سند قبض | H99: دفعة جزئية
A100: 99 | B100: 1511480692 | C100: =IFERROR(IF(B100="","",VLOOKUP(B100,المستفيدين!$B:$C,2,FALSE)),"") -> مستفيد37 | D100: =IFERROR(IF(B100="","",VLOOKUP(B100,المستفيدين!$B:$F,5,FALSE)),"") -> مدرسة إرادة وتمكين لمتلازمة داون (نجد) | E100: 45564 | F100: 150 | G100: اعفاء | H100: تأمين / شركات
...

Sheet القوائم المرجعية
F4: قائمة المراكز | G4: الفترات | H4: الوظائف | I4: حالة الجلسة | J4: الجنس | K4: التخصصات | L4: الجلسات | M4: التشخيص | N4: مستوى الحالة | O4: نوع البرنامج | P4: مصادر الرسوم | Q4: سبب الغياب | R4: الحالة الإدارية | S4: نوع التحصيل | T4: فني / اداري | U4: الخدمات | V4: نوع الخدمة
F5: مركز إرادة وتمكين للرعاية النهارية (القدس) | G5: صباحي | H5: أخصائي نطق | I5: تمت | J5: ذكر | K5: نطق وتواصل | L5: التربية الخاصة | M5: اضطراب طيف التوحد | N5: خفيف | O5: فصول | P5: الشؤون الاجتماعية | Q5: غياب بعذر | R5: متوقف | S5: سند قبض | T5: فني | U5: الخدمة الاجتماعية | V5: خدمة
F6: مركز إرادة وتمكين لرعاية ذوي الاحتياجات الخاصة (جلمودة) | G6: مسائي | H6: أخصائي علاج طبيعي | I6: لم تتم | J6: أنثى | K6: علاج طبيعي | L6: النطق والتواصل | M6: تأخر نمائي | N6: متوسط | O6: جلسات فردية | P6: تأمين / شركات | Q6: غياب بدون عذر | R6: إعادة قيد | S6: اعفاء | T6: إداري | U6: التمريض | V6: جلسة
F7: مدرسة إرادة للتعليم (مكة) | G7: كلاهما | H7: أخصائي علاج وظيفي | I7: مؤجلة | K7: علاج وظيفي | L7: العلاج الطبيعي | M7: مشكلات لغوية | N7: شديد | O7: كلاهما | P7: شركة سابك | Q7: إجازة | R7: طي قيد | U7: التغذية
F8: مركز إرادة وتمكين لمتلازمة داون (نجد) | H8: أخصائي نفسي | I8: ملغاة | K8: نفسي | L8: العلاج الوظيفي | M8: إعاقة ذهنية | P8: شركة حديد | Q8: مرضي | R8: تخرج | U8: الإرشاد الأسري
F9: مدرسة إرادة وتمكين لمتلازمة داون (نجد) | H9: أخصائي اجتماعي | K9: اجتماعي | L9: التأهيل النفسي | M9: صعوبات تعلم | P9: أفراد | R9: إنهاء خدمة
H10: أخصائي تربية خاصة | K10: تربية خاصة | L10: التأهيل النفسي الحركي | M10: فرط الحركة وتشتت الانتباه | R10: تم الدمج
H11: مساعدة معلمة | K11: تمريض | M11: اضطرابات سلوكية
H12: مشرفة | K12: تغذية | M12: اضطراب تواصل اجتماعي
H13: إدارية | M13: شلل دماغي
M14: متلازمة داون
M15: إعاقة سمعية
M16: إعاقة بصرية
M17: اضطراب تكامل حسي
M18: اضطراب نفسي
M19: تأخر حركي
M20: اضطراب نفسي حركي
M21: مشكلات أسرية / اجتماعية
